label,ppr,mean_qps,n_samples,min_cy,mean_cy,p50_cy,p90_cy,p95_cy,p99_cy,p999_cy,max_cy,min_us,mean_us,p50_us,p90_us,p95_us,p99_us,p999_us,max_us
N0,0,1064470,4194304,50,438.33,256.00,918.00,1260.00,3392.00,5496.00,42116,0.0238,0.2087,0.1219,0.4371,0.6000,1.6152,2.6171,20.0552
N1,1,1037830,4194304,50,355.32,266.00,712.00,878.00,1364.00,4214.00,47686,0.0238,0.1692,0.1267,0.3390,0.4181,0.6495,2.0067,22.7076
N2,2,1112910,4194304,50,309.39,252.00,592.00,748.00,1002.00,1658.00,41980,0.0238,0.1473,0.1200,0.2819,0.3562,0.4771,0.7895,19.9905
N3,3,1102390,4194304,48,302.68,248.00,586.00,744.00,998.00,1514.00,26306,0.0229,0.1441,0.1181,0.2790,0.3543,0.4752,0.7210,12.5267
N4,4,1148350,4194304,50,279.92,234.00,514.00,704.00,874.00,1296.00,83334,0.0238,0.1333,0.1114,0.2448,0.3352,0.4162,0.6171,39.6829
N5,5,1145630,4194304,50,276.42,236.00,480.00,702.00,858.00,1252.00,57352,0.0238,0.1316,0.1124,0.2286,0.3343,0.4086,0.5962,27.3105
N6,6,1155930,4194304,50,271.21,232.00,464.00,672.00,830.00,1224.00,29966,0.0238,0.1291,0.1105,0.2210,0.3200,0.3952,0.5829,14.2695
N7,7,1155720,4194304,50,266.03,228.00,450.00,660.00,828.00,1192.00,17822,0.0238,0.1267,0.1086,0.2143,0.3143,0.3943,0.5676,8.4867
N8,8,1157150,4194304,50,262.31,222.00,452.00,598.00,850.00,1158.00,39834,0.0238,0.1249,0.1057,0.2152,0.2848,0.4048,0.5514,18.9686
N9,9,1140360,4194304,50,268.06,236.00,470.00,594.00,832.00,1158.00,29398,0.0238,0.1276,0.1124,0.2238,0.2829,0.3962,0.5514,13.9990
N10,10,1159721,4194304,50,257.58,220.00,462.00,594.00,826.00,1130.00,48284,0.0238,0.1227,0.1048,0.2200,0.2829,0.3933,0.5381,22.9924
N11,11,1156880,4194304,48,256.58,218.00,464.00,602.00,820.00,1122.00,58486,0.0229,0.1222,0.1038,0.2210,0.2867,0.3905,0.5343,27.8505
N12,12,1153280,4194304,50,255.05,218.00,474.00,616.00,756.00,1132.00,14286,0.0238,0.1215,0.1038,0.2257,0.2933,0.3600,0.5390,6.8029
N13,13,1148370,4194304,48,251.81,216.00,464.00,610.00,762.00,1108.00,52800,0.0229,0.1199,0.1029,0.2210,0.2905,0.3629,0.5276,25.1429
N14,14,1143240,4194304,50,248.03,214.00,458.00,608.00,758.00,1090.00,50832,0.0238,0.1181,0.1019,0.2181,0.2895,0.3610,0.5190,24.2057
N15,15,1133600,4194304,50,245.27,214.00,452.00,606.00,768.00,1122.00,55564,0.0238,0.1168,0.1019,0.2152,0.2886,0.3657,0.5343,26.4590
N16,16,1118480,4194304,48,243.32,212.00,448.00,608.00,788.00,1097.39,40754,0.0229,0.1159,0.1010,0.2133,0.2895,0.3752,0.5226,19.4067
N17,17,1125680,4194304,50,238.24,210.00,440.00,582.00,774.00,1046.00,48810,0.0238,0.1134,0.1000,0.2095,0.2771,0.3686,0.4981,23.2429
N18,18,1113930,4194304,48,236.06,212.00,436.00,584.00,796.00,1044.00,43652,0.0229,0.1124,0.1010,0.2076,0.2781,0.3790,0.4971,20.7867
N20,20,1119400,4194304,50,230.61,208.00,432.00,576.00,764.00,1036.00,49750,0.0238,0.1098,0.0990,0.2057,0.2743,0.3638,0.4933,23.6905
N22,22,1120540,4194304,50,225.42,206.00,424.00,578.00,760.00,1034.00,338022,0.0238,0.1073,0.0981,0.2019,0.2752,0.3619,0.4924,160.9629
N24,24,1127210,4194304,50,221.41,206.00,416.00,564.00,762.00,1062.00,52448,0.0238,0.1054,0.0981,0.1981,0.2686,0.3629,0.5057,24.9752
N26,26,1128224,4194304,50,218.86,206.00,410.00,564.00,770.00,1029.39,58686,0.0238,0.1042,0.0981,0.1952,0.2686,0.3667,0.4902,27.9457
N28,28,1136570,4194304,48,212.49,204.00,398.00,542.00,748.00,1010.00,56640,0.0229,0.1012,0.0971,0.1895,0.2581,0.3562,0.4810,26.9714
N30,30,1131280,4194304,50,208.69,200.00,394.00,534.00,748.00,1018.00,70994,0.0238,0.0994,0.0952,0.1876,0.2543,0.3562,0.4848,33.8067
N33,33,1117575,4194304,48,206.31,204.00,376.00,514.00,752.00,998.00,63078,0.0229,0.0982,0.0971,0.1790,0.2448,0.3581,0.4752,30.0371
N36,36,1118790,4194304,50,196.10,194.00,364.00,496.00,732.00,986.00,68004,0.0238,0.0934,0.0924,0.1733,0.2362,0.3486,0.4695,32.3829
N40,40,1086730,4194304,50,191.42,194.00,348.00,480.00,738.00,984.00,74578,0.0238,0.0912,0.0924,0.1657,0.2286,0.3514,0.4686,35.5133
N45,45,1087964,4194304,50,178.06,188.00,328.00,444.00,712.00,958.00,85284,0.0238,0.0848,0.0895,0.1562,0.2114,0.3390,0.4562,40.6114
N50,50,1066089,4194304,50,174.06,182.00,320.00,434.00,714.00,958.00,90198,0.0238,0.0829,0.0867,0.1524,0.2067,0.3400,0.4562,42.9514
N55,55,1063180,4194304,50,171.00,172.00,320.00,424.00,686.00,940.00,94414,0.0238,0.0814,0.0819,0.1524,0.2019,0.3267,0.4476,44.9590
N60,60,1060700,4194304,50,169.95,166.00,322.00,430.00,682.00,936.00,103522,0.0238,0.0809,0.0790,0.1533,0.2048,0.3248,0.4457,49.2962
N70,70,1055910,4194304,50,167.65,132.00,324.00,436.00,682.00,934.00,116580,0.0238,0.0798,0.0629,0.1543,0.2076,0.3248,0.4448,55.5143
N80,80,1052580,4194304,50,164.39,68.00,320.00,420.00,650.00,908.00,131988,0.0238,0.0783,0.0324,0.1524,0.2000,0.3095,0.4324,62.8514
N90,90,1056010,4194304,50,156.05,66.00,314.00,404.00,626.00,878.00,142402,0.0238,0.0743,0.0314,0.1495,0.1924,0.2981,0.4181,67.8105
N100,100,1051810,4194304,50,151.42,66.00,308.00,390.00,608.00,854.00,152110,0.0238,0.0721,0.0314,0.1467,0.1857,0.2895,0.4067,72.4333
N125,125,1031990,4194304,50,144.93,64.00,302.00,372.00,600.00,856.00,193748,0.0238,0.0690,0.0305,0.1438,0.1771,0.2857,0.4076,92.2610
N150,150,1027490,4194304,50,135.38,62.00,290.00,354.00,580.00,806.00,231152,0.0238,0.0645,0.0295,0.1381,0.1686,0.2762,0.3838,110.0724
N175,175,1009800,4194304,50,129.95,62.00,284.00,344.00,564.00,794.00,282714,0.0238,0.0619,0.0295,0.1352,0.1638,0.2686,0.3781,134.6257
N200,200,997257,4194304,48,126.74,62.00,280.00,338.00,556.00,804.00,302458,0.0229,0.0604,0.0295,0.1333,0.1610,0.2648,0.3829,144.0276
