label,pause_per_round,spin_rounds,total_pause_budget,run,QPS,r_p99_us,r_p999_us,futex_count,futex_per_req
master,master,30,0,1,1084799.5,180.3,207.2,110546902,1.698423
master,master,30,0,2,1084669.1,180.0,207.0,110617681,1.699715
master,master,30,0,3,1086299.2,180.2,207.2,110676483,1.698066
master,master,30,0,4,1086921.4,178.7,206.3,110481446,1.694104
master,master,30,0,5,1086823.8,179.9,207.0,110776210,1.698776
N0,0,30,0,1,1131548.0,153.5,177.5,16276729,0.239741
N0,0,30,0,2,1131719.4,152.0,173.8,16291433,0.239922
N0,0,30,0,3,1131714.2,152.7,175.8,16230480,0.239025
N0,0,30,0,4,1132962.3,153.4,177.4,16154206,0.237640
N0,0,30,0,5,1131875.4,153.1,176.2,16205237,0.238619
N1,1,30,30,1,1132038.2,143.9,170.1,3166898,0.046625
N1,1,30,30,2,1133423.1,142.0,168.9,3153147,0.046366
N1,1,30,30,3,1133822.7,142.2,169.2,3160948,0.046464
N1,1,30,30,4,1133325.5,142.0,169.0,3158391,0.046447
N1,1,30,30,5,1133631.8,141.6,167.8,3131754,0.046043
N2,2,30,60,1,1145777.8,140.6,167.2,1336224,0.019437
N2,2,30,60,2,1147062.5,139.1,163.0,1297005,0.018845
N2,2,30,60,3,1147372.3,139.8,165.5,1315420,0.019108
N2,2,30,60,4,1147605.9,139.5,164.3,1304088,0.018939
N2,2,30,60,5,1116421.3,145.0,170.8,1581297,0.023607
N3,3,30,90,1,1226006.9,128.1,147.8,941230,0.012795
N3,3,30,90,2,1203120.1,129.1,152.3,1150146,0.015933
N3,3,30,90,3,1201957.5,130.1,153.9,1155381,0.016021
N3,3,30,90,4,1202784.6,131.3,155.4,1128765,0.015641
N3,3,30,90,5,1202753.4,129.9,153.6,1154806,0.016002
N4,4,30,120,1,1263407.4,126.5,146.7,645298,0.008513
N4,4,30,120,2,1262326.2,125.8,139.7,640735,0.008460
N4,4,30,120,3,1276807.3,124.8,139.5,654672,0.008546
N4,4,30,120,4,1274313.1,125.4,141.8,664777,0.008695
N4,4,30,120,5,1275549.2,125.3,141.7,661534,0.008644
N5,5,30,150,1,1335454.2,116.9,135.5,398959,0.004979
N5,5,30,150,2,1335444.8,116.8,129.3,389715,0.004864
N5,5,30,150,3,1335398.4,116.8,129.0,393257,0.004908
N5,5,30,150,4,1335302.4,116.9,131.8,377153,0.004707
N5,5,30,150,5,1336387.6,116.9,134.3,378014,0.004714
N6,6,30,180,1,1407255.3,112.9,125.6,301133,0.003566
N6,6,30,180,2,1407418.5,112.9,125.4,307527,0.003642
N6,6,30,180,3,1405289.9,113.1,125.6,304941,0.003617
N6,6,30,180,4,1405489.1,113.2,126.4,307705,0.003649
N6,6,30,180,5,1405970.5,113.3,126.5,312881,0.003709
N7,7,30,210,1,1373250.0,115.5,127.3,258640,0.003139
N7,7,30,210,2,1371917.1,115.7,128.2,276290,0.003356
N7,7,30,210,3,1370458.7,115.7,128.3,263395,0.003203
N7,7,30,210,4,1372062.5,115.7,128.5,270224,0.003282
N7,7,30,210,5,1373985.2,115.5,127.8,258777,0.003139
N8,8,30,240,1,1443039.9,107.8,121.7,297634,0.003438
N8,8,30,240,2,1443751.9,107.4,120.5,290538,0.003354
N8,8,30,240,3,1445362.2,107.2,120.3,279452,0.003222
N8,8,30,240,4,1444985.9,107.4,121.4,286348,0.003303
N8,8,30,240,5,1445180.5,106.8,118.9,278636,0.003213
N9,9,30,270,1,1472982.7,106.2,117.1,260808,0.002951
N9,9,30,270,2,1472991.1,106.2,117.1,262235,0.002967
N9,9,30,270,3,1475931.6,106.1,116.9,256584,0.002897
N9,9,30,270,4,1474414.4,106.2,117.1,259316,0.002931
N9,9,30,270,5,1474295.4,106.1,116.8,248132,0.002805
N10,10,30,300,1,1442985.7,107.7,119.3,212303,0.002452
N10,10,30,300,2,1443096.8,107.8,119.1,214447,0.002477
N10,10,30,300,3,1444739.7,107.5,119.0,213049,0.002458
N10,10,30,300,4,1443682.4,107.5,118.6,212327,0.002451
N10,10,30,300,5,1443856.0,107.4,118.6,208707,0.002409
N15,15,30,450,1,1484206.8,106.0,117.3,166535,0.001870
N15,15,30,450,2,1485878.8,106.0,117.2,166690,0.001870
N15,15,30,450,3,1490895.3,105.9,117.0,164051,0.001834
N15,15,30,450,4,1490666.8,105.9,117.1,164645,0.001841
N15,15,30,450,5,1491782.0,105.8,117.0,164944,0.001843
N20,20,30,600,1,1480466.8,109.1,121.9,171328,0.001929
N20,20,30,600,2,1479337.5,109.6,122.6,167437,0.001886
N20,20,30,600,3,1481514.5,109.0,121.9,167347,0.001883
N20,20,30,600,4,1479529.8,109.2,122.1,164896,0.001858
N20,20,30,600,5,1482211.2,108.6,121.7,165577,0.001862
N25,25,30,750,1,1422186.5,115.1,127.8,146178,0.001713
N25,25,30,750,2,1443043.3,113.6,126.5,151328,0.001748
N25,25,30,750,3,1439571.1,114.0,126.8,148181,0.001716
N25,25,30,750,4,1438134.2,114.0,127.0,151339,0.001754
N25,25,30,750,5,1440029.9,114.0,127.0,152770,0.001768
N30,30,30,900,1,1488457.2,106.7,121.5,168727,0.001889
N30,30,30,900,2,1488052.6,106.7,120.9,165186,0.001850
N30,30,30,900,3,1489742.6,106.7,121.9,169737,0.001899
N30,30,30,900,4,1488635.4,106.7,121.5,165877,0.001857
N30,30,30,900,5,1488782.3,106.7,121.6,167689,0.001877
N35,35,30,1050,1,1448972.0,114.4,128.5,128652,0.001480
N35,35,30,1050,2,1449099.8,114.2,128.6,130858,0.001505
N35,35,30,1050,3,1448786.7,114.2,128.3,128058,0.001473
N35,35,30,1050,4,1450160.3,114.1,128.3,127113,0.001461
N35,35,30,1050,5,1449883.4,114.3,128.4,127057,0.001461
N40,40,30,1200,1,1437137.9,116.4,133.6,118122,0.001370
N40,40,30,1200,2,1438577.2,116.6,134.8,117000,0.001356
N40,40,30,1200,3,1439252.2,116.5,134.0,116747,0.001352
N40,40,30,1200,4,1438138.1,116.5,134.3,117107,0.001357
N40,40,30,1200,5,1439344.9,116.4,134.2,117010,0.001355
N45,45,30,1350,1,1387347.7,124.0,142.1,115781,0.001391
N45,45,30,1350,2,1393738.8,122.4,140.8,116018,0.001387
N45,45,30,1350,3,1393693.2,123.2,141.8,119674,0.001431
N45,45,30,1350,4,1393541.9,123.0,141.4,117372,0.001404
N45,45,30,1350,5,1397215.9,121.9,140.6,116171,0.001386
N50,50,30,1500,1,1397518.4,123.4,143.4,125775,0.001500
N50,50,30,1500,2,1395709.7,123.8,143.9,127349,0.001521
N50,50,30,1500,3,1396353.2,123.2,141.9,127626,0.001523
N50,50,30,1500,4,1397517.2,123.0,141.9,126583,0.001510
N50,50,30,1500,5,1401728.5,122.1,141.5,127502,0.001516
N55,55,30,1650,1,1405845.4,122.8,144.3,113757,0.001349
N55,55,30,1650,2,1405528.7,123.1,144.6,117193,0.001390
N55,55,30,1650,3,1404354.6,123.3,145.3,115683,0.001373
N55,55,30,1650,4,1405702.5,123.3,145.3,116482,0.001381
N55,55,30,1650,5,1408858.3,123.0,144.3,116225,0.001375
N60,60,30,1800,1,1359472.7,127.4,151.6,106336,0.001304
N60,60,30,1800,2,1361045.9,127.7,152.3,107682,0.001319
N60,60,30,1800,3,1362455.9,127.3,152.0,107668,0.001317
N60,60,30,1800,4,1361764.5,127.6,152.6,107606,0.001317
N60,60,30,1800,5,1362134.4,127.6,152.6,107665,0.001317
N65,65,30,1950,1,1365016.8,127.8,154.5,106129,0.001296
N65,65,30,1950,2,1369023.3,127.5,153.5,105083,0.001279
N65,65,30,1950,3,1369607.0,127.4,153.7,105690,0.001286
N65,65,30,1950,4,1369941.9,127.4,153.8,105783,0.001287
N65,65,30,1950,5,1372195.3,127.3,153.2,107584,0.001307
N70,70,30,2100,1,1382398.4,127.3,154.1,102753,0.001239
N70,70,30,2100,2,1382646.6,127.4,154.4,103930,0.001253
N70,70,30,2100,3,1381468.7,127.6,155.1,104960,0.001266
N70,70,30,2100,4,1382757.6,127.7,154.6,103849,0.001252
N70,70,30,2100,5,1384403.0,125.3,150.4,101606,0.001223
N75,75,30,2250,1,1356586.1,130.1,161.5,99881,0.001227
N75,75,30,2250,2,1355932.3,129.7,159.4,98770,0.001214
N75,75,30,2250,3,1355251.8,129.1,159.7,100180,0.001232
N75,75,30,2250,4,1354520.7,130.1,161.0,99974,0.001230
N75,75,30,2250,5,1354023.2,130.2,160.0,99351,0.001223
N80,80,30,2400,1,1389974.3,128.2,159.7,87941,0.001054
N80,80,30,2400,2,1388799.6,128.2,160.0,88444,0.001061
N80,80,30,2400,3,1388529.4,127.7,159.6,87405,0.001049
N80,80,30,2400,4,1387951.5,128.2,159.7,87261,0.001048
N80,80,30,2400,5,1393086.4,127.7,159.3,88747,0.001062
N85,85,30,2550,1,1365323.5,129.9,162.4,94865,0.001158
N85,85,30,2550,2,1366818.0,128.9,163.4,94974,0.001158
N85,85,30,2550,3,1364809.1,131.3,165.5,96951,0.001184
N85,85,30,2550,4,1364686.0,132.0,165.1,96837,0.001183
N85,85,30,2550,5,1365611.7,131.7,165.7,96876,0.001182
N90,90,30,2700,1,1356651.1,134.3,168.1,85419,0.001049
N90,90,30,2700,2,1357549.9,133.5,167.9,85554,0.001050
N90,90,30,2700,3,1356541.7,134.3,167.6,85695,0.001053
N90,90,30,2700,4,1356394.1,134.8,168.4,85778,0.001054
N90,90,30,2700,5,1356320.1,134.9,168.7,87606,0.001077
N95,95,30,2850,1,1371630.9,131.9,168.3,90082,0.001095
N95,95,30,2850,2,1369009.1,134.0,168.1,90036,0.001096
N95,95,30,2850,3,1370553.3,132.5,167.1,88817,0.001080
N95,95,30,2850,4,1369903.6,132.3,167.2,88447,0.001076
N95,95,30,2850,5,1369506.7,133.9,169.2,89636,0.001091
N100,100,30,3000,1,1345245.2,137.6,175.2,94912,0.001176
N100,100,30,3000,2,1346027.2,136.2,171.6,93174,0.001154
N100,100,30,3000,3,1344129.4,138.0,175.1,94176,0.001168
N100,100,30,3000,4,1343568.4,138.3,175.9,95246,0.001182
N100,100,30,3000,5,1345660.8,137.4,174.6,94635,0.001172
N150,150,30,4500,1,1305701.2,151.1,206.4,78516,0.001002
N150,150,30,4500,2,1303390.7,151.3,204.4,77987,0.000997
N150,150,30,4500,3,1303674.3,152.1,205.4,79301,0.001014
N150,150,30,4500,4,1307360.4,151.0,205.1,78841,0.001005
N150,150,30,4500,5,1306780.2,151.4,205.5,79346,0.001012
N200,200,30,6000,1,1241541.3,168.5,243.3,70512,0.000947
N200,200,30,6000,2,1243372.9,167.9,240.4,69919,0.000937
N200,200,30,6000,3,1243446.4,168.1,240.6,68725,0.000921
N200,200,30,6000,4,1243772.3,168.4,242.7,69456,0.000931
N200,200,30,6000,5,1243571.1,168.6,242.8,70037,0.000939
