label,pause_per_round,spin_rounds,total_pause_budget,run,QPS,r_avg_us,r_p50_us,r_p99_us,r_p999_us,w_avg_us,w_p50_us,w_p99_us,w_p999_us
master,master,30,0,1,897756.8,141.4,139.8,204.3,332.0,143.6,142.2,206.1,336.3
master,master,30,0,2,896579.8,141.5,140.0,204.9,333.7,143.8,142.4,206.6,337.6
master,master,30,0,3,897088.8,141.4,139.9,204.7,333.8,143.7,142.3,206.5,336.5
master,master,30,0,4,897267.8,141.4,139.9,204.4,332.9,143.7,142.3,206.2,337.3
master,master,30,0,5,897631.9,141.4,139.8,204.7,332.6,143.7,142.2,206.5,336.6
master,master,30,0,6,899049.7,141.1,139.6,204.6,332.3,143.4,142.0,206.4,336.5
master,master,30,0,7,901261.4,140.8,139.2,204.2,331.4,143.1,141.6,206.1,336.5
master,master,30,0,8,899429.7,141.1,139.5,204.4,330.2,143.4,141.9,206.3,335.8
master,master,30,0,9,898999.5,141.1,139.6,204.4,331.6,143.4,142.0,206.2,335.6
master,master,30,0,10,897857.1,141.3,139.8,204.6,332.8,143.6,142.2,206.4,336.6
master,master,30,0,11,897894.6,141.3,139.8,204.7,330.4,143.6,142.2,206.5,335.9
master,master,30,0,12,896936.9,141.5,139.9,204.9,333.0,143.8,142.3,206.6,336.8
master,master,30,0,13,896371.4,141.6,140.0,204.4,333.8,143.8,142.4,206.3,337.0
master,master,30,0,14,898462.9,141.2,139.7,204.6,328.9,143.5,142.1,206.4,336.0
master,master,30,0,15,900339.1,141.0,139.4,203.9,330.1,143.2,141.7,205.8,336.6
master,master,30,0,16,901483.0,140.8,139.2,204.0,329.4,143.0,141.6,206.0,334.9
master,master,30,0,17,898060.6,141.3,139.7,204.6,331.9,143.6,142.1,206.4,335.5
master,master,30,0,18,896638.1,141.5,140.0,204.8,333.8,143.8,142.4,206.6,337.0
master,master,30,0,19,896983.6,141.5,139.9,204.6,331.5,143.7,142.3,206.4,335.9
master,master,30,0,20,897196.6,141.4,139.9,204.5,331.7,143.7,142.3,206.3,337.3
N0,0,30,0,1,1163525.6,109.3,108.0,152.8,282.2,110.5,109.2,153.9,282.1
N0,0,30,0,2,1164198.3,109.3,108.0,152.3,264.5,110.4,109.1,153.4,275.9
N0,0,30,0,3,1168661.2,108.9,107.6,151.3,251.5,110.0,108.7,152.7,262.0
N0,0,30,0,4,1165325.7,109.2,107.8,152.5,280.5,110.3,109.0,153.7,282.8
N0,0,30,0,5,1163934.8,109.3,108.0,152.4,270.3,110.4,109.2,153.6,278.8
N0,0,30,0,6,1164574.1,109.2,107.9,152.4,276.5,110.4,109.1,153.5,278.0
N0,0,30,0,7,1166154.7,109.1,107.7,152.6,283.0,110.3,108.9,153.7,283.6
N0,0,30,0,8,1166948.1,109.1,107.8,151.4,254.7,110.1,108.9,152.7,265.3
N0,0,30,0,9,1165353.3,109.2,107.8,152.4,271.7,110.3,109.0,153.5,277.7
N0,0,30,0,10,1165140.5,109.2,107.9,152.2,267.7,110.3,109.1,153.4,277.9
N0,0,30,0,11,1165764.4,109.2,107.9,151.9,262.7,110.2,109.0,153.1,268.5
N0,0,30,0,12,1167438.1,109.0,107.9,150.2,242.5,110.1,108.9,151.7,244.8
N0,0,30,0,13,1163381.6,109.4,108.0,152.8,280.2,110.5,109.2,153.9,281.5
N0,0,30,0,14,1164951.4,109.2,107.9,152.5,280.8,110.4,109.1,153.7,282.5
N0,0,30,0,15,1164840.7,109.2,107.9,152.5,278.5,110.4,109.1,153.7,281.0
N0,0,30,0,16,1165825.9,109.2,107.9,151.2,249.9,110.2,109.0,152.5,253.0
N0,0,30,0,17,1164091.4,109.3,108.0,152.4,272.2,110.4,109.1,153.6,277.9
N0,0,30,0,18,1165117.4,109.2,107.9,152.5,277.5,110.3,109.0,153.6,281.3
N0,0,30,0,19,1164013.2,109.3,107.9,152.9,283.6,110.5,109.1,154.0,287.0
N0,0,30,0,20,1170224.8,108.8,107.7,149.4,236.8,109.8,108.7,150.9,237.2
N1,1,30,30,1,1106294.7,115.0,113.4,157.4,289.2,116.3,114.6,160.6,296.6
N1,1,30,30,2,1105948.1,115.0,113.4,158.9,298.5,116.3,114.6,161.8,304.9
N1,1,30,30,3,1105671.2,115.0,113.4,160.0,304.8,116.4,114.7,162.7,305.9
N1,1,30,30,4,1105953.0,115.0,113.4,159.1,296.7,116.3,114.6,161.9,303.8
N1,1,30,30,5,1106151.1,115.0,113.4,158.3,298.4,116.3,114.6,161.3,304.6
N1,1,30,30,6,1106222.6,114.9,113.3,159.4,304.7,116.3,114.6,162.3,305.8
N1,1,30,30,7,1103985.1,115.1,113.5,160.4,304.7,116.6,114.8,163.1,305.9
N1,1,30,30,8,1105664.9,115.0,113.5,157.1,285.1,116.3,114.6,160.3,289.6
N1,1,30,30,9,1103892.1,115.2,113.6,159.4,296.2,116.5,114.8,162.2,301.0
N1,1,30,30,10,1106509.6,115.0,113.5,156.1,277.0,116.2,114.6,158.8,280.8
N1,1,30,30,11,1104467.8,115.1,113.5,160.3,305.5,116.5,114.8,162.9,306.8
N1,1,30,30,12,1105601.4,115.0,113.4,159.4,303.9,116.4,114.7,162.2,305.9
N1,1,30,30,13,1105190.0,115.0,113.5,159.2,302.1,116.4,114.7,162.0,306.0
N1,1,30,30,14,1104805.0,115.1,113.5,159.6,305.4,116.5,114.7,162.4,306.6
N1,1,30,30,15,1106123.1,114.9,113.4,159.3,303.2,116.3,114.6,162.1,306.4
N1,1,30,30,16,1105289.6,115.0,113.5,159.3,300.5,116.4,114.7,162.0,303.5
N1,1,30,30,17,1105457.9,115.0,113.4,159.2,300.6,116.4,114.7,162.0,305.1
N1,1,30,30,18,1108408.1,114.7,113.2,158.1,301.2,116.1,114.4,161.2,305.0
N1,1,30,30,19,1107863.3,114.9,113.4,155.9,277.7,116.0,114.4,157.8,282.4
N1,1,30,30,20,1105629.1,115.0,113.5,156.9,281.1,116.3,114.7,160.2,285.8
N2,2,30,60,1,1131469.7,112.4,111.2,154.3,293.4,113.7,112.4,155.2,302.5
N2,2,30,60,2,1131546.7,112.4,111.2,154.3,296.7,113.7,112.4,155.3,300.7
N2,2,30,60,3,1131494.6,112.4,111.2,154.1,291.9,113.7,112.4,155.1,295.6
N2,2,30,60,4,1133861.2,112.1,111.0,153.8,287.7,113.4,112.2,154.9,293.0
N2,2,30,60,5,1131876.2,112.3,111.2,154.1,291.6,113.7,112.4,155.1,296.2
N2,2,30,60,6,1131519.3,112.4,111.2,153.8,283.6,113.7,112.4,154.8,287.6
N2,2,30,60,7,1132346.8,112.3,111.1,154.2,295.2,113.6,112.3,155.2,299.5
N2,2,30,60,8,1136506.0,112.0,111.1,151.8,247.8,113.1,112.0,153.0,250.2
N2,2,30,60,9,1135309.3,112.1,111.0,152.6,265.9,113.2,112.1,153.8,271.6
N2,2,30,60,10,1133562.8,112.2,111.0,154.2,296.5,113.5,112.2,155.2,301.2
N2,2,30,60,11,1134316.7,112.2,111.2,152.8,258.5,113.3,112.1,153.9,270.5
N2,2,30,60,12,1131109.8,112.4,111.2,154.5,297.6,113.7,112.4,155.4,301.8
N2,2,30,60,13,1131628.3,112.3,111.1,154.4,296.0,113.7,112.4,155.3,302.9
N2,2,30,60,14,1131571.4,112.4,111.2,154.0,287.7,113.7,112.4,155.0,294.1
N2,2,30,60,15,1132005.0,112.3,111.2,153.7,286.8,113.6,112.4,154.7,290.2
N2,2,30,60,16,1129661.5,112.5,111.3,154.6,297.4,113.9,112.5,155.5,303.9
N2,2,30,60,17,1131367.3,112.4,111.2,154.1,287.2,113.7,112.4,155.1,291.5
N2,2,30,60,18,1130299.6,112.5,111.3,154.3,294.6,113.8,112.5,155.3,300.6
N2,2,30,60,19,1130021.4,112.5,111.3,154.4,298.3,113.8,112.5,155.3,301.8
N2,2,30,60,20,1130601.9,112.5,111.3,154.4,293.6,113.8,112.5,155.3,296.5
N3,3,30,90,1,1135003.6,112.0,111.0,153.3,276.8,113.3,112.1,154.4,279.3
N3,3,30,90,2,1134381.3,112.1,110.9,153.9,290.4,113.4,112.1,154.9,293.3
N3,3,30,90,3,1135160.5,112.0,110.9,153.8,286.7,113.3,112.1,154.8,290.0
N3,3,30,90,4,1134431.1,112.1,111.0,153.6,279.7,113.4,112.1,154.7,281.5
N3,3,30,90,5,1135717.4,112.0,110.8,153.7,284.6,113.3,112.0,154.7,289.4
N3,3,30,90,6,1135843.9,111.9,110.8,153.7,284.4,113.3,112.0,154.8,292.9
N3,3,30,90,7,1134926.8,112.0,110.8,154.1,297.6,113.4,112.1,155.1,301.9
N3,3,30,90,8,1134625.4,112.1,110.9,153.7,282.7,113.4,112.1,154.8,283.7
N3,3,30,90,9,1133823.3,112.1,110.9,154.2,301.1,113.5,112.2,155.2,305.0
N3,3,30,90,10,1134647.4,112.0,110.9,153.9,291.2,113.4,112.1,155.0,297.1
N3,3,30,90,11,1134791.3,112.1,110.9,153.6,285.4,113.3,112.1,154.7,288.6
N3,3,30,90,12,1134888.9,112.0,110.8,154.1,292.4,113.4,112.1,155.1,296.2
N3,3,30,90,13,1135152.6,112.0,110.9,153.7,283.8,113.3,112.1,154.7,288.3
N3,3,30,90,14,1136797.2,111.8,110.7,153.5,286.1,113.2,111.9,154.6,293.4
N3,3,30,90,15,1136277.7,111.9,110.8,153.1,271.6,113.2,112.0,154.2,282.5
N3,3,30,90,16,1133692.5,112.1,110.9,154.2,293.1,113.5,112.2,155.2,299.3
N3,3,30,90,17,1133801.5,112.1,110.9,154.1,293.5,113.5,112.2,155.1,297.8
N3,3,30,90,18,1133520.9,112.2,111.0,153.8,282.3,113.5,112.2,154.8,287.3
N3,3,30,90,19,1135388.6,112.0,110.8,153.7,287.0,113.3,112.1,154.8,289.4
N3,3,30,90,20,1135686.8,111.9,110.8,153.8,289.6,113.3,112.0,154.9,294.8
N4,4,30,120,1,1210510.9,105.1,104.4,138.3,236.5,106.2,105.4,139.5,242.7
N4,4,30,120,2,1209009.8,105.2,104.4,139.1,263.0,106.4,105.5,140.2,274.1
N4,4,30,120,3,1211588.3,105.0,104.4,137.6,223.6,106.1,105.4,138.9,225.7
N4,4,30,120,4,1209795.9,105.1,104.3,138.9,251.6,106.3,105.5,140.0,257.0
N4,4,30,120,5,1209379.3,105.2,104.4,138.8,259.0,106.3,105.5,139.9,266.1
N4,4,30,120,6,1209383.4,105.1,104.3,139.0,273.8,106.4,105.5,140.1,277.3
N4,4,30,120,7,1208853.8,105.2,104.3,139.2,269.0,106.4,105.5,140.3,279.0
N4,4,30,120,8,1209288.5,105.2,104.3,139.1,263.0,106.4,105.5,140.2,277.0
N4,4,30,120,9,1209040.7,105.2,104.4,139.1,264.7,106.4,105.5,140.2,267.7
N4,4,30,120,10,1209463.9,105.1,104.3,139.0,262.0,106.3,105.5,140.1,265.5
N4,4,30,120,11,1208733.2,105.2,104.4,139.0,252.3,106.4,105.5,140.1,257.1
N4,4,30,120,12,1210028.3,105.1,104.4,138.5,247.0,106.3,105.5,139.7,253.5
N4,4,30,120,13,1208554.9,105.2,104.4,138.9,258.0,106.4,105.6,140.0,265.7
N4,4,30,120,14,1209299.4,105.2,104.3,139.1,268.2,106.4,105.5,140.2,272.4
N4,4,30,120,15,1217253.5,104.7,104.0,135.3,204.7,105.5,104.8,136.9,209.3
N4,4,30,120,16,1211938.3,105.0,104.3,137.9,233.8,106.0,105.3,139.1,238.4
N4,4,30,120,17,1210310.8,105.1,104.3,138.7,248.8,106.2,105.4,139.9,256.0
N4,4,30,120,18,1209673.2,105.2,104.4,138.7,250.2,106.3,105.5,139.8,259.6
N4,4,30,120,19,1211505.5,105.0,104.3,138.2,236.0,106.1,105.4,139.4,239.5
N4,4,30,120,20,1209497.4,105.2,104.3,138.9,248.7,106.3,105.5,140.0,251.3
N5,5,30,150,1,1223580.4,103.9,103.3,137.1,248.7,105.1,104.4,138.5,251.2
N5,5,30,150,2,1223352.7,103.9,103.3,137.0,245.3,105.1,104.4,138.5,249.9
N5,5,30,150,3,1222579.9,104.0,103.4,137.0,249.0,105.2,104.5,138.5,253.4
N5,5,30,150,4,1224738.9,103.9,103.3,136.1,230.1,105.0,104.3,137.7,233.5
N5,5,30,150,5,1225708.0,103.8,103.3,135.8,230.4,104.9,104.2,137.4,234.6
N5,5,30,150,6,1223372.1,104.0,103.4,136.6,242.0,105.1,104.4,138.1,245.3
N5,5,30,150,7,1222039.6,104.1,103.4,137.1,242.8,105.3,104.5,138.6,247.0
N5,5,30,150,8,1223029.6,104.0,103.3,136.8,243.1,105.2,104.4,138.3,248.1
N5,5,30,150,9,1223694.2,103.9,103.3,136.8,239.8,105.1,104.4,138.3,244.2
N5,5,30,150,10,1221842.2,104.1,103.4,137.1,241.7,105.3,104.5,138.6,246.2
N5,5,30,150,11,1221689.1,104.1,103.4,137.2,244.3,105.3,104.5,138.6,252.1
N5,5,30,150,12,1222475.6,104.0,103.4,136.9,237.6,105.2,104.5,138.4,241.6
N5,5,30,150,13,1222701.7,104.0,103.3,137.3,253.3,105.2,104.4,138.8,256.3
N5,5,30,150,14,1223018.0,104.0,103.4,136.6,234.2,105.1,104.4,138.1,235.5
N5,5,30,150,15,1224232.0,103.9,103.4,136.0,226.8,105.0,104.3,137.6,229.1
N5,5,30,150,16,1222849.2,104.0,103.4,136.9,242.4,105.2,104.4,138.4,246.7
N5,5,30,150,17,1224521.3,103.8,103.2,136.5,244.1,105.0,104.3,138.1,247.0
N5,5,30,150,18,1230584.5,103.5,103.0,131.9,200.5,104.3,103.7,134.0,202.0
N5,5,30,150,19,1223231.2,103.9,103.3,136.7,239.3,105.1,104.4,138.3,250.3
N5,5,30,150,20,1225566.0,103.9,103.4,135.0,218.0,104.8,104.2,136.6,222.6
N6,6,30,180,1,1210640.8,105.0,104.2,137.1,279.3,106.3,105.5,138.7,285.6
N6,6,30,180,2,1210610.9,105.0,104.2,137.0,281.6,106.3,105.6,138.6,286.2
N6,6,30,180,3,1211449.7,104.9,104.3,136.4,275.6,106.2,105.5,138.1,277.0
N6,6,30,180,4,1210448.7,105.0,104.3,136.8,276.3,106.3,105.6,138.5,282.4
N6,6,30,180,5,1209548.2,105.1,104.3,137.2,281.6,106.4,105.6,138.7,284.9
N6,6,30,180,6,1211492.5,104.9,104.3,136.5,266.7,106.2,105.5,138.2,276.5
N6,6,30,180,7,1210420.5,105.0,104.2,137.1,279.9,106.3,105.6,138.7,283.8
N6,6,30,180,8,1209967.4,105.1,104.4,136.5,266.5,106.3,105.6,138.1,270.2
N6,6,30,180,9,1211093.9,104.9,104.2,136.8,279.1,106.3,105.5,138.5,283.6
N6,6,30,180,10,1209610.1,105.1,104.3,137.2,282.3,106.4,105.6,138.8,285.8
N6,6,30,180,11,1210361.9,105.0,104.3,136.9,278.6,106.3,105.6,138.5,280.6
N6,6,30,180,12,1210811.5,105.0,104.2,136.9,282.3,106.3,105.5,138.5,284.9
N6,6,30,180,13,1209371.8,105.1,104.3,137.4,284.1,106.4,105.6,138.9,290.1
N6,6,30,180,14,1210608.6,105.0,104.2,137.1,274.3,106.3,105.5,138.7,281.0
N6,6,30,180,15,1210091.6,105.0,104.3,137.2,281.2,106.4,105.6,138.8,287.1
N6,6,30,180,16,1211162.7,105.0,104.4,136.1,257.1,106.2,105.5,137.8,260.7
N6,6,30,180,17,1209698.2,105.1,104.3,137.0,277.2,106.4,105.6,138.6,281.2
N6,6,30,180,18,1213468.1,104.9,104.3,135.4,241.7,105.9,105.3,137.0,244.1
N6,6,30,180,19,1211936.2,104.9,104.3,136.2,257.6,106.1,105.5,137.8,261.7
N6,6,30,180,20,1210498.6,105.0,104.2,137.0,283.9,106.3,105.5,138.7,289.5
N7,7,30,210,1,1128040.4,112.7,112.0,147.9,277.4,114.1,113.2,150.2,281.9
N7,7,30,210,2,1128408.0,112.6,112.0,147.4,274.8,114.0,113.2,149.8,280.5
N7,7,30,210,3,1127873.0,112.7,112.0,148.2,289.8,114.1,113.3,150.4,298.5
N7,7,30,210,4,1127840.1,112.7,111.9,148.5,302.1,114.1,113.2,150.7,305.0
N7,7,30,210,5,1128181.4,112.6,111.9,148.1,297.6,114.1,113.2,150.4,305.1
N7,7,30,210,6,1127787.3,112.7,111.9,148.6,295.5,114.1,113.3,150.7,301.5
N7,7,30,210,7,1128739.6,112.6,111.9,147.3,274.6,114.0,113.2,149.7,279.5
N7,7,30,210,8,1129088.1,112.5,111.8,148.2,291.6,114.0,113.1,150.4,301.2
N7,7,30,210,9,1128927.5,112.6,111.9,148.1,298.7,114.0,113.2,150.4,301.6
N7,7,30,210,10,1128996.1,112.6,111.9,147.7,274.9,114.0,113.1,149.9,279.8
N7,7,30,210,11,1127556.6,112.7,112.0,148.6,290.1,114.2,113.3,150.7,298.0
N7,7,30,210,12,1129259.7,112.6,111.9,147.2,276.8,114.0,113.1,149.5,282.7
N7,7,30,210,13,1129841.3,112.6,112.0,145.8,256.0,113.8,113.0,148.3,265.1
N7,7,30,210,14,1127976.1,112.7,112.0,148.3,286.7,114.1,113.2,150.5,294.0
N7,7,30,210,15,1128536.4,112.6,111.9,147.7,286.7,114.0,113.2,149.9,294.3
N7,7,30,210,16,1127373.1,112.7,112.0,148.5,296.0,114.2,113.3,150.6,304.4
N7,7,30,210,17,1131275.5,112.4,111.8,146.6,274.1,113.7,112.9,149.0,282.3
N7,7,30,210,18,1130637.4,112.4,111.7,147.9,288.8,113.9,113.0,150.2,299.0
N7,7,30,210,19,1127758.5,112.7,112.0,148.2,292.4,114.1,113.3,150.4,297.3
N7,7,30,210,20,1126949.6,112.8,112.0,148.6,289.7,114.2,113.3,150.7,294.6
N8,8,30,240,1,1238558.4,102.7,102.3,132.8,268.3,103.8,103.3,135.0,277.8
N8,8,30,240,2,1241007.5,102.5,102.2,132.1,274.4,103.6,103.1,134.3,277.0
N8,8,30,240,3,1239933.5,102.6,102.2,132.2,251.3,103.7,103.2,134.4,264.8
N8,8,30,240,4,1240223.5,102.6,102.2,132.1,263.6,103.7,103.2,134.4,267.7
N8,8,30,240,5,1238718.9,102.7,102.3,132.6,264.9,103.8,103.3,134.8,269.8
N8,8,30,240,6,1241594.2,102.5,102.1,131.6,255.0,103.5,103.1,133.9,264.1
N8,8,30,240,7,1239992.6,102.6,102.2,132.3,257.1,103.7,103.2,134.6,261.2
N8,8,30,240,8,1242870.0,102.4,102.1,131.2,245.4,103.4,103.0,133.5,249.6
N8,8,30,240,9,1240699.2,102.5,102.1,132.6,274.2,103.6,103.1,134.8,276.9
N8,8,30,240,10,1244212.0,102.4,102.1,129.0,219.2,103.2,102.9,130.8,220.7
N8,8,30,240,11,1239414.2,102.7,102.3,132.1,254.3,103.7,103.2,134.3,257.9
N8,8,30,240,12,1238826.3,102.7,102.3,132.4,257.9,103.8,103.3,134.6,264.2
N8,8,30,240,13,1242368.7,102.5,102.2,130.2,222.6,103.4,103.0,132.6,222.8
N8,8,30,240,14,1240846.8,102.6,102.2,131.9,252.1,103.6,103.1,134.1,255.4
N8,8,30,240,15,1241334.7,102.5,102.2,131.5,247.0,103.5,103.1,133.9,248.8
N8,8,30,240,16,1238659.3,102.7,102.3,132.3,256.9,103.8,103.3,134.5,257.3
N8,8,30,240,17,1238921.8,102.7,102.3,132.5,264.6,103.8,103.3,134.7,267.6
N8,8,30,240,18,1239538.3,102.7,102.3,132.2,256.0,103.7,103.2,134.4,257.5
N8,8,30,240,19,1239522.5,102.6,102.2,132.4,267.1,103.7,103.2,134.6,278.1
N8,8,30,240,20,1243002.5,102.4,102.1,130.5,234.3,103.3,102.9,132.7,238.2
N9,9,30,270,1,1145126.0,111.0,110.5,143.6,285.0,112.4,111.8,146.7,287.7
N9,9,30,270,2,1149242.9,110.6,110.3,141.8,254.3,111.9,111.4,144.2,260.7
N9,9,30,270,3,1146493.3,110.9,110.4,143.0,279.8,112.2,111.7,146.2,282.8
N9,9,30,270,4,1145551.5,110.9,110.5,142.8,274.7,112.3,111.7,146.1,283.0
N9,9,30,270,5,1145508.3,110.9,110.5,143.4,282.2,112.4,111.7,146.5,287.7
N9,9,30,270,6,1146551.3,110.9,110.4,142.9,283.1,112.2,111.7,146.1,288.2
N9,9,30,270,7,1148045.9,110.8,110.4,141.8,260.5,112.0,111.5,144.1,269.8
N9,9,30,270,8,1147707.3,110.8,110.4,141.9,252.6,112.1,111.6,144.6,261.8
N9,9,30,270,9,1147187.7,110.8,110.4,141.9,266.7,112.1,111.6,144.9,269.3
N9,9,30,270,10,1146287.8,110.9,110.4,142.8,278.2,112.3,111.7,146.0,281.8
N9,9,30,270,11,1147059.1,110.9,110.5,141.9,251.1,112.1,111.6,144.6,276.4
N9,9,30,270,12,1147971.5,110.8,110.4,141.8,251.1,112.0,111.5,143.9,263.1
N9,9,30,270,13,1147209.2,110.9,110.5,141.8,248.7,112.1,111.6,143.9,254.5
N9,9,30,270,14,1148034.7,110.7,110.3,142.0,265.1,112.1,111.5,145.3,275.1
N9,9,30,270,15,1147657.8,110.8,110.4,141.9,246.6,112.1,111.6,144.8,256.9
N9,9,30,270,16,1148215.5,110.7,110.3,142.0,269.4,112.1,111.5,145.1,278.0
N9,9,30,270,17,1147096.4,110.8,110.4,142.0,262.7,112.1,111.6,145.1,278.4
N9,9,30,270,18,1146297.0,110.9,110.4,143.7,285.8,112.3,111.7,146.7,290.2
N9,9,30,270,19,1146971.1,110.8,110.4,142.8,282.4,112.2,111.6,146.0,288.1
N9,9,30,270,20,1148317.9,110.7,110.3,141.8,262.4,112.0,111.5,144.5,273.1
N10,10,30,300,1,1290638.6,98.6,98.6,126.4,220.4,99.6,99.6,127.3,226.9
N10,10,30,300,2,1291448.5,98.5,98.5,126.1,219.8,99.5,99.5,127.1,222.5
N10,10,30,300,3,1291116.4,98.5,98.5,126.3,218.0,99.6,99.6,127.2,225.3
N10,10,30,300,4,1289545.0,98.6,98.6,126.5,230.9,99.7,99.7,127.4,236.6
N10,10,30,300,5,1294474.4,98.4,98.5,125.7,204.5,99.2,99.3,126.6,207.5
N10,10,30,300,6,1296033.3,98.2,98.2,125.9,220.6,99.2,99.2,126.9,221.8
N10,10,30,300,7,1292164.6,98.5,98.5,126.2,226.9,99.4,99.5,127.1,229.2
N10,10,30,300,8,1293526.7,98.4,98.4,125.9,210.7,99.3,99.4,126.9,216.0
N10,10,30,300,9,1293354.2,98.4,98.4,126.1,225.7,99.4,99.4,127.1,228.8
N10,10,30,300,10,1292237.3,98.5,98.5,126.1,227.6,99.4,99.5,127.1,229.9
N10,10,30,300,11,1293203.3,98.5,98.5,125.8,197.7,99.3,99.4,126.7,199.8
N10,10,30,300,12,1292714.9,98.5,98.5,126.0,214.2,99.4,99.4,127.0,219.0
N10,10,30,300,13,1291253.8,98.5,98.5,126.5,242.3,99.6,99.5,127.4,242.4
N10,10,30,300,14,1293755.8,98.3,98.3,126.1,225.8,99.3,99.4,127.0,230.8
N10,10,30,300,15,1290697.0,98.6,98.6,126.2,218.4,99.6,99.6,127.2,219.0
N10,10,30,300,16,1291108.8,98.5,98.5,126.4,226.9,99.6,99.6,127.4,230.5
N10,10,30,300,17,1290986.1,98.6,98.6,126.3,221.0,99.6,99.6,127.2,224.4
N10,10,30,300,18,1290437.8,98.6,98.6,126.3,230.1,99.6,99.6,127.3,226.1
N10,10,30,300,19,1291732.6,98.5,98.5,126.1,219.8,99.5,99.6,127.0,221.7
N10,10,30,300,20,1291978.6,98.6,98.6,125.9,201.9,99.4,99.5,126.8,206.1
N15,15,30,450,1,1289945.1,98.6,98.8,124.5,211.1,99.6,99.8,125.8,217.8
N15,15,30,450,2,1288518.4,98.7,98.8,124.7,217.6,99.8,99.9,126.0,222.4
N15,15,30,450,3,1290847.4,98.6,98.8,124.1,201.9,99.5,99.7,125.4,204.1
N15,15,30,450,4,1289985.5,98.6,98.7,124.4,215.0,99.7,99.8,125.8,221.3
N15,15,30,450,5,1289913.4,98.6,98.7,124.6,216.7,99.7,99.8,125.9,217.8
N15,15,30,450,6,1292225.3,98.5,98.6,124.2,205.0,99.4,99.6,125.5,209.7
N15,15,30,450,7,1290401.3,98.6,98.7,124.5,221.8,99.6,99.7,125.8,222.3
N15,15,30,450,8,1291747.7,98.5,98.6,124.3,214.6,99.5,99.6,125.7,216.6
N15,15,30,450,9,1290619.2,98.6,98.7,124.6,217.2,99.6,99.7,125.9,221.1
N15,15,30,450,10,1292451.2,98.5,98.6,124.1,205.8,99.4,99.6,125.5,211.6
N15,15,30,450,11,1288519.4,98.7,98.8,124.8,221.0,99.8,99.9,126.1,225.4
N15,15,30,450,12,1288590.4,98.7,98.8,124.7,208.8,99.8,99.9,126.0,214.3
N15,15,30,450,13,1288532.2,98.7,98.9,124.6,220.5,99.8,99.9,125.9,223.0
N15,15,30,450,14,1290612.6,98.6,98.8,124.4,209.0,99.5,99.7,125.6,211.5
N15,15,30,450,15,1290935.1,98.6,98.8,124.0,204.3,99.5,99.7,125.4,206.4
N15,15,30,450,16,1289378.0,98.7,98.8,124.6,224.6,99.7,99.8,125.9,226.5
N15,15,30,450,17,1289092.4,98.7,98.9,124.3,206.2,99.7,99.8,125.7,210.7
N15,15,30,450,18,1286570.9,98.9,99.0,124.9,220.4,99.9,100.0,126.2,221.8
N15,15,30,450,19,1288829.8,98.7,98.8,124.5,216.0,99.7,99.9,125.8,221.3
N15,15,30,450,20,1289417.8,98.7,98.8,124.5,210.4,99.7,99.8,125.8,214.4
N20,20,30,600,1,1310325.5,97.1,97.1,120.9,207.3,98.1,98.2,122.9,212.6
N20,20,30,600,2,1311783.1,97.0,97.0,120.7,199.2,97.9,98.0,122.7,204.7
N20,20,30,600,3,1311012.5,97.1,97.0,120.6,192.3,98.0,98.1,122.7,205.2
N20,20,30,600,4,1311857.6,97.0,97.0,120.9,203.5,97.9,98.0,122.8,211.2
N20,20,30,600,5,1314834.1,97.0,96.8,119.7,181.3,97.6,97.6,121.5,180.8
N20,20,30,600,6,1311865.5,97.0,96.9,120.5,200.8,97.9,98.1,122.6,203.4
N20,20,30,600,7,1313501.1,96.9,96.8,120.1,196.2,97.8,97.9,122.2,197.2
N20,20,30,600,8,1310669.8,97.1,97.1,121.1,204.9,98.0,98.1,122.9,210.4
N20,20,30,600,9,1309274.8,97.2,97.2,121.0,205.0,98.1,98.3,123.1,212.9
N20,20,30,600,10,1309528.3,97.2,97.2,121.1,188.6,98.1,98.2,123.1,196.0
N20,20,30,600,11,1310006.8,97.1,97.1,121.1,198.6,98.1,98.2,123.1,205.5
N20,20,30,600,12,1312699.7,97.0,96.9,120.7,206.6,97.9,98.0,122.7,212.9
N20,20,30,600,13,1310333.5,97.2,97.2,121.0,195.8,98.0,98.2,122.8,195.9
N20,20,30,600,14,1311442.4,97.1,97.0,120.7,201.4,98.0,98.1,122.7,203.6
N20,20,30,600,15,1309819.3,97.2,97.1,121.1,207.3,98.1,98.2,123.0,209.9
N20,20,30,600,16,1309742.8,97.2,97.2,121.2,193.6,98.1,98.2,123.0,206.3
N20,20,30,600,17,1310662.0,97.1,97.1,120.9,199.1,98.0,98.1,122.9,207.3
N20,20,30,600,18,1314495.0,96.9,96.8,120.2,186.9,97.7,97.8,122.1,190.1
N20,20,30,600,19,1310833.8,97.1,97.1,120.7,195.3,98.0,98.1,122.6,197.8
N20,20,30,600,20,1311998.6,97.0,96.9,121.1,210.8,97.9,98.0,123.1,214.8
N25,25,30,750,1,1315767.2,96.8,96.7,121.1,191.2,97.5,97.5,122.7,193.7
N25,25,30,750,2,1314603.2,96.8,96.6,121.3,192.6,97.7,97.8,123.2,201.9
N25,25,30,750,3,1315405.5,96.8,96.6,120.9,190.7,97.7,97.7,122.9,204.6
N25,25,30,750,4,1315425.2,96.8,96.6,121.0,192.2,97.7,97.7,123.0,188.6
N25,25,30,750,5,1315655.6,96.7,96.5,121.3,207.8,97.7,97.6,123.1,209.7
N25,25,30,750,6,1315226.8,96.8,96.6,121.0,180.5,97.7,97.7,123.0,192.0
N25,25,30,750,7,1315390.0,96.8,96.6,121.2,190.9,97.7,97.7,123.1,192.9
N25,25,30,750,8,1316017.8,96.7,96.5,121.0,202.5,97.6,97.6,122.9,203.9
N25,25,30,750,9,1314826.8,96.8,96.6,121.5,200.2,97.7,97.7,123.4,201.7
N25,25,30,750,10,1316067.6,96.7,96.5,120.9,182.9,97.6,97.6,122.9,190.9
N25,25,30,750,11,1314940.4,96.8,96.6,121.3,189.1,97.7,97.7,123.2,191.5
N25,25,30,750,12,1313933.1,96.9,96.7,121.2,179.6,97.7,97.8,123.0,184.3
N25,25,30,750,13,1315523.1,96.7,96.5,121.3,193.5,97.7,97.7,123.3,198.9
N25,25,30,750,14,1316098.3,96.7,96.5,121.2,198.6,97.6,97.6,123.1,203.8
N25,25,30,750,15,1314108.2,96.8,96.6,121.7,206.8,97.8,97.8,123.5,213.5
N25,25,30,750,16,1317359.8,96.6,96.4,121.0,198.5,97.5,97.5,122.9,207.5
N25,25,30,750,17,1315517.4,96.8,96.6,121.2,180.7,97.7,97.7,123.0,196.8
N25,25,30,750,18,1318130.9,96.6,96.5,120.3,174.1,97.4,97.4,122.1,177.1
N25,25,30,750,19,1317595.9,96.6,96.3,120.9,200.9,97.5,97.5,122.9,204.4
N25,25,30,750,20,1318222.2,96.5,96.3,121.0,205.0,97.5,97.4,122.9,203.4
N30,30,30,900,1,1310800.6,97.1,96.9,122.9,170.5,98.0,98.0,124.5,181.1
N30,30,30,900,2,1312649.8,96.9,96.7,122.6,170.7,97.9,97.9,124.3,173.6
N30,30,30,900,3,1312845.8,96.9,96.7,122.5,171.2,97.9,97.8,124.2,182.1
N30,30,30,900,4,1313317.4,96.9,96.7,122.4,170.6,97.8,97.8,124.1,171.8
N30,30,30,900,5,1314089.1,96.9,96.7,121.9,166.5,97.7,97.7,123.5,169.2
N30,30,30,900,6,1312545.1,97.0,96.7,122.8,173.0,97.9,97.9,124.4,176.6
N30,30,30,900,7,1311396.4,97.0,96.9,122.6,167.3,98.0,98.0,124.3,170.1
N30,30,30,900,8,1311631.1,97.0,96.8,122.5,170.9,98.0,98.0,124.2,181.5
N30,30,30,900,9,1312328.5,97.0,96.8,122.6,167.8,97.9,97.9,124.2,170.6
N30,30,30,900,10,1312220.5,97.0,96.8,122.5,168.2,97.9,97.9,124.2,171.4
N30,30,30,900,11,1312821.8,96.9,96.7,122.5,182.7,97.9,97.9,124.2,192.5
N30,30,30,900,12,1311279.2,97.0,96.8,122.8,173.9,98.0,98.0,124.4,175.9
N30,30,30,900,13,1311655.7,97.0,96.8,122.8,168.6,98.0,98.0,124.4,170.4
N30,30,30,900,14,1311409.7,97.0,96.8,122.7,170.7,98.0,98.0,124.4,176.4
N30,30,30,900,15,1310187.1,97.1,97.0,122.8,171.8,98.0,98.1,124.4,181.3
N30,30,30,900,16,1312654.7,97.1,97.0,121.6,167.6,97.7,97.8,123.1,168.1
N30,30,30,900,17,1311179.9,97.2,97.1,122.2,168.1,97.9,97.9,123.7,169.2
N30,30,30,900,18,1312096.4,97.0,96.8,122.5,171.5,97.9,97.9,124.1,178.2
N30,30,30,900,19,1312106.3,97.0,96.8,122.6,177.8,97.9,97.9,124.2,182.9
N30,30,30,900,20,1312872.0,97.2,96.5,120.8,162.8,97.6,96.9,122.1,164.1
N35,35,30,1050,1,1398362.8,91.2,90.8,115.4,155.2,91.7,91.3,115.9,155.5
N35,35,30,1050,2,1400039.3,91.0,90.6,115.6,153.9,91.7,91.3,116.1,154.5
N35,35,30,1050,3,1399646.8,91.1,90.7,115.4,154.6,91.6,91.3,115.9,155.8
N35,35,30,1050,4,1395837.5,91.5,90.9,115.3,154.9,91.7,91.2,115.6,155.1
N35,35,30,1050,5,1401632.4,90.9,90.5,115.4,153.9,91.5,91.2,115.9,155.6
N35,35,30,1050,6,1401004.6,91.0,90.6,115.4,152.9,91.6,91.2,115.9,154.0
N35,35,30,1050,7,1401305.4,90.9,90.6,115.4,153.7,91.6,91.2,115.9,154.6
N35,35,30,1050,8,1402002.7,90.9,90.5,115.4,153.5,91.5,91.1,115.9,154.5
N35,35,30,1050,9,1399984.4,91.1,90.7,115.3,154.2,91.6,91.2,115.7,154.9
N35,35,30,1050,10,1400594.5,91.0,90.6,115.4,155.6,91.6,91.2,115.9,156.2
N35,35,30,1050,11,1403220.7,90.9,90.5,115.2,153.2,91.4,91.0,115.7,154.0
N35,35,30,1050,12,1400793.3,91.0,90.6,115.5,153.7,91.6,91.2,116.0,153.7
N35,35,30,1050,13,1400989.9,91.0,90.6,115.5,155.3,91.6,91.2,116.0,156.3
N35,35,30,1050,14,1401105.8,91.0,90.6,115.4,154.1,91.5,91.2,115.9,155.2
N35,35,30,1050,15,1403215.5,90.8,90.4,115.3,158.1,91.4,91.0,115.8,162.6
N35,35,30,1050,16,1403570.6,90.8,90.4,115.3,154.9,91.4,91.0,115.8,155.9
N35,35,30,1050,17,1404881.5,90.7,90.3,115.2,153.9,91.3,91.0,115.8,154.9
N35,35,30,1050,18,1404527.9,90.7,90.3,115.3,154.4,91.3,91.0,115.8,155.3
N35,35,30,1050,19,1402440.3,90.9,90.5,115.4,154.8,91.5,91.1,115.9,155.2
N35,35,30,1050,20,1403218.9,90.9,90.5,115.2,154.5,91.4,91.0,115.7,155.2
N40,40,30,1200,1,1368906.8,93.1,92.8,116.5,153.5,93.7,93.3,116.8,154.2
N40,40,30,1200,2,1368438.7,93.2,92.8,116.4,152.5,93.7,93.4,116.7,153.1
N40,40,30,1200,3,1369466.6,93.1,92.7,116.4,153.2,93.7,93.3,116.7,153.9
N40,40,30,1200,4,1368642.2,93.2,92.8,116.3,151.9,93.7,93.3,116.6,153.1
N40,40,30,1200,5,1367317.7,93.3,92.9,116.5,153.8,93.8,93.4,116.8,154.4
N40,40,30,1200,6,1368606.3,93.2,92.8,116.4,153.2,93.7,93.3,116.7,153.5
N40,40,30,1200,7,1369460.2,93.1,92.7,116.4,153.7,93.7,93.3,116.7,154.3
N40,40,30,1200,8,1368822.2,93.2,92.8,116.4,153.1,93.7,93.3,116.7,153.7
N40,40,30,1200,9,1368576.2,93.2,92.8,116.5,154.0,93.7,93.3,116.7,154.8
N40,40,30,1200,10,1368539.4,93.2,92.8,116.4,154.8,93.7,93.3,116.7,155.0
N40,40,30,1200,11,1368946.6,93.1,92.7,116.5,153.9,93.7,93.3,116.8,154.6
N40,40,30,1200,12,1367070.7,93.3,92.9,116.5,152.9,93.8,93.4,116.7,153.8
N40,40,30,1200,13,1366770.0,93.4,93.0,116.4,152.9,93.7,93.4,116.6,153.2
N40,40,30,1200,14,1368582.8,93.2,92.8,116.4,153.3,93.7,93.3,116.7,154.2
N40,40,30,1200,15,1370012.2,93.1,92.7,116.4,153.6,93.6,93.3,116.7,154.3
N40,40,30,1200,16,1368476.1,93.1,92.8,116.5,154.2,93.8,93.4,116.8,154.6
N40,40,30,1200,17,1368915.3,93.1,92.7,116.5,152.1,93.7,93.3,116.8,153.1
N40,40,30,1200,18,1369866.6,93.1,92.7,116.4,152.6,93.6,93.3,116.7,153.8
N40,40,30,1200,19,1371099.5,93.0,92.6,116.3,152.7,93.5,93.2,116.6,153.2
N40,40,30,1200,20,1292164.5,99.2,99.7,116.3,166.4,98.8,99.1,116.2,166.0
N45,45,30,1350,1,1414181.8,90.2,89.9,113.2,145.7,90.6,90.3,113.8,147.8
N45,45,30,1350,2,1415203.6,90.1,89.8,113.2,146.5,90.6,90.3,113.9,147.9
N45,45,30,1350,3,1415510.2,90.2,89.8,113.2,146.4,90.5,90.2,113.8,147.8
N45,45,30,1350,4,1414700.3,90.2,89.8,113.2,146.8,90.6,90.3,113.9,147.7
N45,45,30,1350,5,1415751.1,90.1,89.8,113.2,146.0,90.5,90.2,113.8,147.2
N45,45,30,1350,6,1415214.9,90.1,89.8,113.1,146.1,90.6,90.3,113.8,147.0
N45,45,30,1350,7,1413981.4,90.2,89.9,113.3,146.9,90.6,90.4,114.0,148.3
N45,45,30,1350,8,1414050.9,90.2,89.9,113.2,146.0,90.7,90.4,113.9,147.4
N45,45,30,1350,9,1413722.5,90.3,89.9,113.3,146.1,90.6,90.3,113.9,147.1
N45,45,30,1350,10,1416423.2,90.1,89.7,113.0,145.1,90.5,90.2,113.7,145.7
N45,45,30,1350,11,1414364.8,90.2,89.9,113.3,146.5,90.6,90.3,113.9,147.9
N45,45,30,1350,12,1412812.8,90.3,90.0,113.5,147.6,90.7,90.4,114.1,148.5
N45,45,30,1350,13,1413343.6,90.3,90.0,113.3,148.0,90.7,90.4,114.0,149.3
N45,45,30,1350,14,1412463.8,90.3,90.0,113.4,146.7,90.7,90.5,114.0,147.7
N45,45,30,1350,15,1413975.5,90.2,89.9,113.3,146.2,90.6,90.3,113.9,146.3
N45,45,30,1350,16,1414625.4,90.2,89.9,113.2,146.5,90.6,90.3,113.9,148.5
N45,45,30,1350,17,1414343.6,90.2,89.8,113.3,148.9,90.6,90.4,114.0,150.3
N45,45,30,1350,18,1414538.8,90.2,89.9,113.3,146.9,90.6,90.3,114.0,147.5
N45,45,30,1350,19,1413864.3,90.3,90.0,113.3,146.3,90.6,90.3,113.7,146.9
N45,45,30,1350,20,1416892.8,90.0,89.6,113.1,155.0,90.5,90.2,113.9,156.1
N50,50,30,1500,1,1303919.2,97.8,97.9,120.8,164.7,98.4,98.6,122.2,165.4
N50,50,30,1500,2,1303907.5,97.8,97.9,120.6,159.6,98.4,98.6,122.1,161.8
N50,50,30,1500,3,1302627.9,98.0,98.2,120.9,160.6,98.3,98.5,121.8,159.9
N50,50,30,1500,4,1303557.7,97.8,98.0,120.6,164.2,98.4,98.6,122.1,165.4
N50,50,30,1500,5,1304352.4,97.8,97.9,120.5,159.3,98.3,98.5,122.0,161.9
N50,50,30,1500,6,1303685.9,97.9,98.1,120.7,164.1,98.3,98.5,121.7,163.9
N50,50,30,1500,7,1304786.1,97.7,97.8,120.5,158.9,98.3,98.5,122.0,162.7
N50,50,30,1500,8,1304205.1,97.8,97.9,120.6,157.9,98.3,98.5,122.0,160.9
N50,50,30,1500,9,1304740.1,98.0,97.6,119.4,156.3,98.1,97.8,120.2,157.9
N50,50,30,1500,10,1305268.3,97.7,97.8,120.4,162.8,98.3,98.5,121.9,163.8
N50,50,30,1500,11,1303409.2,97.8,98.0,120.6,157.5,98.4,98.6,122.1,160.0
N50,50,30,1500,12,1303959.1,97.8,97.9,120.6,162.6,98.4,98.6,122.0,163.2
N50,50,30,1500,13,1304334.9,97.8,97.9,120.5,162.2,98.3,98.5,122.0,164.7
N50,50,30,1500,14,1305776.2,97.7,97.9,119.6,157.5,98.2,98.4,121.1,159.9
N50,50,30,1500,15,1303945.2,97.8,98.0,120.4,160.3,98.3,98.5,121.8,161.6
N50,50,30,1500,16,1304529.0,97.7,97.9,120.4,159.8,98.3,98.5,121.9,161.7
N50,50,30,1500,17,1304076.9,97.8,98.0,120.1,160.0,98.3,98.5,121.6,161.2
N50,50,30,1500,18,1305016.8,97.7,97.8,120.4,159.9,98.3,98.5,121.9,161.2
N50,50,30,1500,19,1305986.5,97.6,97.8,120.2,160.1,98.2,98.4,121.7,162.3
N50,50,30,1500,20,1304494.3,97.7,97.9,120.3,157.5,98.3,98.5,121.8,159.2
N55,55,30,1650,1,1312052.8,97.3,97.4,119.9,161.6,97.7,97.8,121.0,164.6
N55,55,30,1650,2,1310335.3,97.4,97.5,120.1,160.9,97.8,98.0,121.3,161.8
N55,55,30,1650,3,1310011.3,97.4,97.5,120.2,157.8,97.8,98.0,121.4,161.0
N55,55,30,1650,4,1314103.9,97.1,97.2,119.0,159.9,97.5,97.6,120.2,160.6
N55,55,30,1650,5,1312621.1,97.2,97.3,119.6,156.8,97.6,97.8,120.9,158.8
N55,55,30,1650,6,1309859.0,97.5,97.6,119.9,158.0,97.8,98.0,120.9,158.3
N55,55,30,1650,7,1311895.2,97.2,97.3,120.0,161.3,97.7,97.8,121.3,163.4
N55,55,30,1650,8,1311804.3,97.3,97.4,119.8,160.6,97.7,97.8,121.0,163.2
N55,55,30,1650,9,1309642.8,97.4,97.5,120.3,161.3,97.9,98.0,121.5,162.9
N55,55,30,1650,10,1310005.6,97.4,97.5,120.3,162.5,97.8,98.0,121.5,163.5
N55,55,30,1650,11,1310728.1,97.4,97.4,120.3,157.8,97.8,97.9,121.4,160.8
N55,55,30,1650,12,1310099.3,97.4,97.5,120.0,159.4,97.8,98.0,121.3,162.5
N55,55,30,1650,13,1310042.7,97.4,97.5,120.3,161.0,97.8,98.0,121.5,163.6
N55,55,30,1650,14,1311702.3,97.3,97.3,120.0,158.8,97.7,97.9,121.2,160.7
N55,55,30,1650,15,1311718.4,97.3,97.4,120.0,161.2,97.7,97.9,121.2,163.1
N55,55,30,1650,16,1312767.9,97.2,97.3,119.5,160.2,97.6,97.8,120.7,162.6
N55,55,30,1650,17,1311192.1,97.3,97.4,120.0,160.0,97.8,97.9,121.3,163.5
N55,55,30,1650,18,1312577.7,97.2,97.3,119.7,157.8,97.6,97.8,121.0,160.8
N55,55,30,1650,19,1311356.4,97.3,97.4,120.1,161.5,97.7,97.9,121.4,164.4
N55,55,30,1650,20,1310615.7,97.4,97.5,120.1,159.7,97.8,97.9,121.3,160.8
N60,60,30,1800,1,1273655.3,100.2,100.2,127.0,169.3,100.6,100.7,127.3,171.0
N60,60,30,1800,2,1274145.9,100.1,100.2,127.0,168.2,100.6,100.6,127.3,169.5
N60,60,30,1800,3,1275509.6,100.0,100.1,126.9,169.3,100.5,100.5,127.2,169.3
N60,60,30,1800,4,1275308.7,100.0,100.1,126.9,167.9,100.5,100.5,127.2,169.1
N60,60,30,1800,5,1278763.1,99.8,99.9,126.7,168.7,100.2,100.3,127.1,169.5
N60,60,30,1800,6,1276542.9,99.9,100.0,126.8,168.8,100.4,100.4,127.2,169.7
N60,60,30,1800,7,1275161.3,100.1,100.1,126.9,167.5,100.5,100.5,127.3,168.3
N60,60,30,1800,8,1275618.9,100.0,100.1,126.9,169.9,100.5,100.5,127.2,170.9
N60,60,30,1800,9,1275095.6,100.1,100.2,126.9,168.6,100.5,100.5,127.2,170.3
N60,60,30,1800,10,1274983.0,100.1,100.1,126.9,169.0,100.5,100.6,127.2,170.5
N60,60,30,1800,11,1273839.0,100.3,100.3,126.8,170.4,100.5,100.5,127.0,170.2
N60,60,30,1800,12,1276330.5,100.0,100.0,126.8,170.6,100.4,100.5,127.2,171.9
N60,60,30,1800,13,1273836.6,100.2,100.2,127.0,169.5,100.6,100.6,127.4,170.5
N60,60,30,1800,14,1275614.6,100.2,100.2,126.5,169.0,100.3,100.3,126.8,169.6
N60,60,30,1800,15,1274432.8,100.2,100.2,126.8,169.5,100.5,100.6,127.1,170.0
N60,60,30,1800,16,1274854.5,100.1,100.1,126.9,168.8,100.6,100.6,127.3,170.4
N60,60,30,1800,17,1274126.5,100.2,100.2,126.9,168.7,100.6,100.6,127.2,170.4
N60,60,30,1800,18,1274246.5,100.1,100.2,126.9,168.0,100.6,100.6,127.3,168.8
N60,60,30,1800,19,1273138.0,100.2,100.3,127.0,170.3,100.7,100.7,127.3,171.2
N60,60,30,1800,20,1274707.2,100.1,100.2,126.8,169.2,100.5,100.6,127.1,170.2
N65,65,30,1950,1,1313075.2,97.1,96.9,124.4,160.9,97.6,97.5,125.2,162.9
N65,65,30,1950,2,1312238.9,97.2,97.0,124.6,163.1,97.7,97.6,125.3,164.9
N65,65,30,1950,3,1311857.6,97.2,97.0,124.5,160.7,97.7,97.6,125.2,162.5
N65,65,30,1950,4,1312210.1,97.2,97.0,124.6,162.7,97.7,97.6,125.3,163.4
N65,65,30,1950,5,1309564.8,97.4,97.2,124.8,161.1,97.9,97.8,125.5,163.0
N65,65,30,1950,6,1311883.4,97.2,97.0,124.6,161.2,97.7,97.6,125.3,162.9
N65,65,30,1950,7,1312144.8,97.3,97.1,124.1,161.7,97.6,97.5,124.7,163.3
N65,65,30,1950,8,1312912.2,97.1,96.9,124.5,161.5,97.7,97.5,125.3,163.9
N65,65,30,1950,9,1312651.6,97.2,97.0,124.4,160.7,97.7,97.5,125.2,161.8
N65,65,30,1950,10,1311934.8,97.2,97.0,124.7,164.2,97.7,97.6,125.4,166.3
N65,65,30,1950,11,1312457.3,97.2,97.0,124.5,162.2,97.7,97.5,125.1,163.1
N65,65,30,1950,12,1314530.9,97.1,96.9,123.9,161.8,97.4,97.3,124.6,162.8
N65,65,30,1950,13,1311666.3,97.2,97.0,124.6,163.0,97.7,97.6,125.3,165.0
N65,65,30,1950,14,1317238.6,96.9,96.6,123.4,161.1,97.3,97.1,124.2,161.9
N65,65,30,1950,15,1314913.9,97.0,96.7,124.3,163.0,97.5,97.3,125.1,164.4
N65,65,30,1950,16,1311880.6,97.2,97.0,124.6,162.8,97.7,97.6,125.3,164.2
N65,65,30,1950,17,1314871.1,97.1,96.8,123.6,161.9,97.4,97.3,124.3,161.8
N65,65,30,1950,18,1312909.9,97.1,96.9,124.6,163.5,97.7,97.5,125.3,165.2
N65,65,30,1950,19,1312074.9,97.2,97.0,124.6,164.4,97.7,97.6,125.3,164.3
N65,65,30,1950,20,1312889.6,97.2,97.0,124.4,162.3,97.6,97.5,125.1,163.7
N70,70,30,2100,1,1388277.0,91.9,91.3,116.8,154.7,92.4,91.9,117.1,155.4
N70,70,30,2100,2,1388836.1,91.8,91.3,116.7,153.9,92.3,91.8,117.0,154.2
N70,70,30,2100,3,1389895.3,91.7,91.2,116.8,154.4,92.3,91.8,117.1,155.0
N70,70,30,2100,4,1389380.3,91.8,91.3,116.8,154.4,92.3,91.8,117.1,154.9
N70,70,30,2100,5,1390923.0,91.7,91.2,116.6,154.1,92.2,91.7,116.9,154.8
N70,70,30,2100,6,1384461.6,92.1,91.6,116.9,155.3,92.6,92.1,117.1,156.0
N70,70,30,2100,7,1385616.2,92.0,91.5,116.9,154.6,92.6,92.1,117.1,155.2
N70,70,30,2100,8,1386491.3,92.0,91.5,116.8,155.2,92.5,92.0,117.1,155.7
N70,70,30,2100,9,1388948.4,91.8,91.3,116.7,154.8,92.3,91.8,117.0,155.5
N70,70,30,2100,10,1391010.8,91.7,91.2,116.6,153.2,92.2,91.7,116.9,154.2
N70,70,30,2100,11,1389348.4,91.8,91.3,116.7,154.4,92.3,91.8,117.0,154.8
N70,70,30,2100,12,1390294.4,91.7,91.2,116.7,154.9,92.2,91.7,117.0,155.3
N70,70,30,2100,13,1388983.6,91.8,91.3,116.8,154.9,92.3,91.8,117.1,156.0
N70,70,30,2100,14,1388639.2,91.8,91.3,116.8,155.1,92.3,91.8,117.0,155.5
N70,70,30,2100,15,1387784.1,91.9,91.4,116.8,163.3,92.4,91.9,117.1,164.6
N70,70,30,2100,16,1390022.9,91.7,91.2,116.8,154.2,92.3,91.8,117.1,154.6
N70,70,30,2100,17,1389876.3,91.8,91.3,116.5,153.7,92.2,91.7,116.8,154.8
N70,70,30,2100,18,1389927.6,91.8,91.3,116.7,153.6,92.2,91.8,117.0,154.4
N70,70,30,2100,19,1390727.6,91.7,91.2,116.4,154.4,92.1,91.6,116.7,155.0
N70,70,30,2100,20,1390707.8,91.7,91.2,116.7,154.3,92.2,91.7,117.0,155.4
N75,75,30,2250,1,1360294.6,93.8,93.2,117.8,156.4,94.2,93.6,119.4,158.2
N75,75,30,2250,2,1362068.2,93.6,93.1,118.4,157.0,94.1,93.6,120.1,159.6
N75,75,30,2250,3,1362201.0,93.6,93.1,118.0,158.9,94.1,93.6,119.8,160.3
N75,75,30,2250,4,1362886.1,93.6,93.0,119.1,156.6,94.1,93.5,120.7,158.1
N75,75,30,2250,5,1363594.8,93.5,92.9,118.9,157.2,94.1,93.5,120.7,159.2
N75,75,30,2250,6,1363492.6,93.5,93.0,118.9,157.0,94.1,93.5,120.7,158.6
N75,75,30,2250,7,1363261.2,93.5,93.0,118.2,155.8,94.1,93.5,119.9,156.9
N75,75,30,2250,8,1362676.5,93.6,93.0,119.3,157.1,94.1,93.6,121.0,159.7
N75,75,30,2250,9,1363356.1,93.5,93.0,119.0,155.6,94.1,93.5,120.7,156.8
N75,75,30,2250,10,1309573.5,97.8,97.0,116.2,170.3,97.5,96.6,116.2,170.5
N75,75,30,2250,11,1360416.3,93.7,93.2,119.2,160.7,94.3,93.7,120.8,162.1
N75,75,30,2250,12,1361399.6,93.6,93.1,119.6,160.6,94.2,93.6,121.3,162.1
N75,75,30,2250,13,1362099.4,93.6,93.1,119.2,156.5,94.1,93.6,120.8,158.9
N75,75,30,2250,14,1361389.4,93.7,93.2,118.6,158.0,94.2,93.6,120.2,159.8
N75,75,30,2250,15,1359896.9,93.7,93.2,119.6,159.8,94.3,93.8,121.3,161.7
N75,75,30,2250,16,1364316.1,93.4,92.9,119.1,161.6,94.0,93.4,120.8,162.2
N75,75,30,2250,17,1365679.8,93.4,92.8,118.2,158.4,93.9,93.4,120.1,159.8
N75,75,30,2250,18,1366327.3,93.3,92.8,117.7,157.2,93.8,93.3,119.5,160.2
N75,75,30,2250,19,1369489.1,93.1,92.6,117.5,155.8,93.6,93.1,119.4,157.5
N75,75,30,2250,20,1364224.3,93.5,92.9,118.3,156.2,94.0,93.4,120.1,158.5
N80,80,30,2400,1,1376126.8,92.6,92.1,117.0,156.2,93.3,92.8,117.3,158.3
N80,80,30,2400,2,1376395.6,92.6,92.1,117.0,156.2,93.2,92.7,117.3,159.5
N80,80,30,2400,3,1378483.4,92.5,92.0,116.9,156.8,93.1,92.6,117.2,160.3
N80,80,30,2400,4,1376300.8,92.7,92.1,116.7,156.7,93.2,92.6,117.0,159.2
N80,80,30,2400,5,1379377.5,92.4,91.9,116.8,155.7,93.0,92.5,117.1,157.0
N80,80,30,2400,6,1377677.2,92.5,92.0,117.0,159.6,93.2,92.6,117.3,162.1
N80,80,30,2400,7,1375839.2,92.6,92.1,116.9,160.0,93.3,92.7,117.3,161.6
N80,80,30,2400,8,1376329.5,92.6,92.1,117.0,156.8,93.2,92.7,117.3,159.3
N80,80,30,2400,9,1373606.1,92.8,92.3,116.8,157.4,93.4,92.9,117.1,159.0
N80,80,30,2400,10,1376830.2,92.6,92.1,116.9,156.9,93.2,92.7,117.2,159.3
N80,80,30,2400,11,1378129.5,92.5,92.0,116.9,156.7,93.1,92.6,117.2,158.2
N80,80,30,2400,12,1377768.8,92.5,92.0,116.8,155.5,93.1,92.6,117.1,156.3
N80,80,30,2400,13,1378993.3,92.4,91.9,116.9,156.1,93.0,92.5,117.2,156.3
N80,80,30,2400,14,1379127.6,92.4,91.9,116.8,155.8,93.0,92.5,117.1,156.6
N80,80,30,2400,15,1377602.5,92.5,92.0,116.9,155.7,93.1,92.6,117.2,157.6
N80,80,30,2400,16,1374238.3,92.8,92.3,116.9,157.4,93.3,92.8,117.2,158.8
N80,80,30,2400,17,1376448.5,92.6,92.1,116.9,158.3,93.2,92.7,117.2,160.4
N80,80,30,2400,18,1378462.7,92.4,91.9,116.9,156.1,93.1,92.6,117.2,158.3
N80,80,30,2400,19,1375859.1,92.6,92.1,116.9,158.1,93.3,92.8,117.2,160.3
N80,80,30,2400,20,1376159.0,92.6,92.1,117.0,156.1,93.3,92.8,117.3,159.0
N85,85,30,2550,1,1394804.1,91.4,90.9,116.3,156.2,91.9,91.4,116.7,156.6
N85,85,30,2550,2,1394910.1,91.4,90.9,116.4,155.2,92.0,91.5,116.8,155.8
N85,85,30,2550,3,1397270.3,91.3,90.7,116.3,155.1,91.8,91.3,116.6,155.5
N85,85,30,2550,4,1395134.8,91.4,90.9,116.4,154.7,91.9,91.4,116.7,155.7
N85,85,30,2550,5,1394245.1,91.4,90.9,116.4,154.9,92.0,91.5,116.8,155.3
N85,85,30,2550,6,1394962.4,91.4,90.9,116.3,154.8,91.9,91.5,116.6,155.5
N85,85,30,2550,7,1395861.6,91.4,90.8,116.3,155.3,91.9,91.4,116.6,156.3
N85,85,30,2550,8,1397407.6,91.2,90.7,116.3,154.8,91.8,91.3,116.7,155.5
N85,85,30,2550,9,1395270.2,91.4,90.9,116.4,156.2,91.9,91.4,116.7,158.8
N85,85,30,2550,10,1396307.3,91.3,90.8,116.4,155.9,91.8,91.4,116.7,156.5
N85,85,30,2550,11,1394153.5,91.5,91.0,116.3,154.0,92.0,91.5,116.6,155.0
N85,85,30,2550,12,1395650.4,91.4,90.8,116.4,154.6,91.9,91.4,116.7,155.6
N85,85,30,2550,13,1398039.6,91.2,90.7,116.2,155.0,91.7,91.2,116.6,155.5
N85,85,30,2550,14,1395391.7,91.4,90.8,116.4,154.8,91.9,91.4,116.7,155.7
N85,85,30,2550,15,1395120.3,91.4,90.9,116.4,155.0,91.9,91.4,116.7,155.6
N85,85,30,2550,16,1396437.4,91.3,90.8,116.3,154.0,91.8,91.3,116.6,154.8
N85,85,30,2550,17,1395010.4,91.4,90.9,116.3,155.2,91.9,91.4,116.6,155.9
N85,85,30,2550,18,1396434.8,91.3,90.8,116.3,153.9,91.8,91.3,116.6,154.7
N85,85,30,2550,19,1392720.3,91.5,91.0,116.5,156.3,92.1,91.6,116.8,159.1
N85,85,30,2550,20,1395463.9,91.4,90.9,116.4,154.5,91.9,91.4,116.7,154.8
N90,90,30,2700,1,1402166.0,90.9,90.5,115.6,155.4,91.5,91.1,116.1,156.2
N90,90,30,2700,2,1401724.2,90.9,90.5,115.6,154.4,91.5,91.1,116.1,155.2
N90,90,30,2700,3,1402118.4,90.9,90.5,115.7,155.2,91.5,91.1,116.1,156.0
N90,90,30,2700,4,1401777.1,91.0,90.5,115.6,155.6,91.5,91.1,116.1,156.5
N90,90,30,2700,5,1401789.8,91.0,90.5,115.6,155.2,91.5,91.1,116.1,155.2
N90,90,30,2700,6,1404059.0,90.8,90.3,115.5,154.8,91.4,90.9,116.0,155.6
N90,90,30,2700,7,1405447.5,90.7,90.3,115.4,154.4,91.2,90.8,115.9,155.2
N90,90,30,2700,8,1404325.1,90.8,90.3,115.5,156.2,91.3,90.9,116.0,156.6
N90,90,30,2700,9,1398586.7,91.2,90.8,115.5,155.5,91.6,91.2,115.9,155.9
N90,90,30,2700,10,1400902.5,91.0,90.6,115.6,154.6,91.5,91.1,116.1,155.1
N90,90,30,2700,11,1402042.6,90.9,90.5,115.7,155.2,91.5,91.1,116.1,155.9
N90,90,30,2700,12,1400062.1,91.1,90.7,115.7,155.3,91.6,91.2,116.1,156.2
N90,90,30,2700,13,1404578.2,90.8,90.3,115.6,154.8,91.3,90.9,116.0,155.7
N90,90,30,2700,14,1403398.3,90.8,90.4,115.6,155.2,91.4,91.0,116.0,155.9
N90,90,30,2700,15,1403807.3,90.8,90.4,115.6,154.8,91.4,90.9,116.0,155.2
N90,90,30,2700,16,1403216.6,90.9,90.4,115.6,156.9,91.4,91.0,116.0,159.5
N90,90,30,2700,17,1403763.9,90.8,90.4,115.6,155.6,91.4,90.9,116.0,157.2
N90,90,30,2700,18,1402264.7,90.9,90.5,115.6,156.0,91.4,91.0,116.0,156.9
N90,90,30,2700,19,1401693.8,91.0,90.5,115.5,154.7,91.5,91.1,115.9,155.1
N90,90,30,2700,20,1405898.0,90.7,90.2,115.4,156.0,91.2,90.8,115.9,156.5
N95,95,30,2850,1,1346038.6,94.6,94.2,118.2,164.7,95.4,94.9,120.5,166.7
N95,95,30,2850,2,1343959.7,94.8,94.4,117.7,164.7,95.5,95.1,120.1,166.3
N95,95,30,2850,3,1345426.1,94.7,94.2,118.3,167.1,95.4,95.0,120.6,168.4
N95,95,30,2850,4,1346917.1,94.6,94.2,117.7,164.0,95.3,94.9,120.0,165.5
N95,95,30,2850,5,1345709.3,94.7,94.2,118.2,164.8,95.4,95.0,120.6,166.5
N95,95,30,2850,6,1347275.6,94.6,94.1,117.4,162.2,95.2,94.8,119.8,164.1
N95,95,30,2850,7,1345985.9,94.7,94.2,118.0,165.6,95.4,94.9,120.4,166.5
N95,95,30,2850,8,1345626.5,94.7,94.2,118.4,166.3,95.4,95.0,120.7,167.9
N95,95,30,2850,9,1346492.3,94.6,94.2,117.9,165.7,95.3,94.9,120.2,167.4
N95,95,30,2850,10,1344103.6,94.8,94.3,118.9,169.7,95.5,95.1,121.1,170.4
N95,95,30,2850,11,1345265.5,94.7,94.3,118.1,165.3,95.4,95.0,120.5,166.7
N95,95,30,2850,12,1343654.6,94.8,94.4,118.5,166.6,95.5,95.1,120.7,168.0
N95,95,30,2850,13,1344555.8,94.8,94.3,118.3,164.8,95.5,95.0,120.6,166.4
N95,95,30,2850,14,1347025.8,94.6,94.2,117.7,166.5,95.3,94.8,120.0,167.5
N95,95,30,2850,15,1345541.1,94.7,94.3,117.5,163.0,95.3,94.9,119.7,164.1
N95,95,30,2850,16,1345361.4,94.7,94.2,118.3,164.2,95.4,95.0,120.7,165.6
N95,95,30,2850,17,1345951.3,94.7,94.2,117.9,165.3,95.3,94.9,120.3,167.9
N95,95,30,2850,18,1345785.1,94.7,94.3,117.8,166.7,95.3,94.9,120.0,168.1
N95,95,30,2850,19,1346414.6,94.7,94.3,117.4,164.0,95.2,94.8,119.3,165.6
N95,95,30,2850,20,1346812.9,94.6,94.2,117.6,164.2,95.3,94.8,120.0,165.9
N100,100,30,3000,1,1346067.1,94.7,94.2,117.7,166.2,95.3,94.9,120.0,166.1
N100,100,30,3000,2,1346020.9,94.7,94.2,117.6,166.8,95.3,94.9,119.9,167.7
N100,100,30,3000,3,1346112.7,94.7,94.2,117.5,165.1,95.3,94.9,119.9,166.1
N100,100,30,3000,4,1346892.0,94.6,94.2,117.7,166.5,95.3,94.9,120.0,167.7
N100,100,30,3000,5,1346126.0,94.7,94.2,117.8,167.3,95.3,94.9,120.2,168.4
N100,100,30,3000,6,1347176.7,94.6,94.2,117.4,166.1,95.3,94.9,119.5,167.6
N100,100,30,3000,7,1346286.1,94.7,94.2,117.4,165.7,95.3,94.9,119.6,166.4
N100,100,30,3000,8,1348377.0,94.5,94.1,117.3,164.7,95.2,94.8,119.4,166.6
N100,100,30,3000,9,1345894.9,94.7,94.2,117.7,163.7,95.4,95.0,120.0,164.9
N100,100,30,3000,10,1346271.1,94.7,94.2,117.4,166.6,95.3,94.9,119.7,168.0
N100,100,30,3000,11,1345823.2,94.8,94.4,117.3,164.6,95.2,94.9,118.6,165.2
N100,100,30,3000,12,1348197.2,94.5,94.1,117.4,165.0,95.2,94.8,119.5,166.5
N100,100,30,3000,13,1348225.7,94.5,94.1,117.3,162.9,95.2,94.8,119.3,164.8
N100,100,30,3000,14,1346993.8,94.7,94.2,117.3,164.6,95.2,94.8,118.6,165.8
N100,100,30,3000,15,1349492.1,94.4,94.0,117.3,165.4,95.1,94.6,118.8,165.9
N100,100,30,3000,16,1348769.4,94.5,94.0,117.3,167.6,95.1,94.7,119.3,168.3
N100,100,30,3000,17,1347400.4,94.6,94.2,117.4,166.6,95.2,94.8,119.4,168.6
N100,100,30,3000,18,1347828.7,94.5,94.1,117.3,164.3,95.2,94.8,119.5,166.3
N100,100,30,3000,19,1346248.9,94.6,94.2,117.4,163.3,95.3,94.9,119.7,164.7
N100,100,30,3000,20,1345979.1,94.7,94.3,117.3,165.0,95.3,94.9,119.1,166.5
N150,150,30,4500,1,1275150.5,100.1,99.8,128.4,184.1,100.5,100.2,128.7,185.1
N150,150,30,4500,2,1274399.5,100.0,99.8,128.9,185.4,100.7,100.4,129.7,186.0
N150,150,30,4500,3,1272943.1,100.1,99.9,128.9,183.6,100.8,100.5,130.2,184.5
N150,150,30,4500,4,1273757.6,100.1,99.8,128.9,185.5,100.7,100.4,130.2,187.0
N150,150,30,4500,5,1273755.9,100.1,99.8,128.9,185.4,100.7,100.4,130.2,186.9
N150,150,30,4500,6,1272105.9,100.2,100.0,128.9,186.7,100.8,100.5,130.1,187.3
N150,150,30,4500,7,1272423.7,100.2,99.9,129.0,187.6,100.8,100.5,130.5,188.2
N150,150,30,4500,8,1272106.7,100.2,100.0,128.9,186.6,100.8,100.5,129.8,188.4
N150,150,30,4500,9,1274152.9,100.0,99.8,128.9,186.6,100.7,100.4,129.7,187.5
N150,150,30,4500,10,1276611.8,99.8,99.6,128.9,185.9,100.5,100.2,129.6,185.8
N150,150,30,4500,11,1275953.9,99.9,99.6,128.8,185.7,100.6,100.3,129.3,187.7
N150,150,30,4500,12,1272304.8,100.2,99.9,129.0,186.1,100.9,100.5,130.4,187.1
N150,150,30,4500,13,1272968.7,100.2,99.9,128.8,185.8,100.8,100.5,129.2,187.4
N150,150,30,4500,14,1272523.7,100.3,100.0,128.7,186.4,100.7,100.5,129.0,187.0
N150,150,30,4500,15,1272817.3,100.3,100.0,128.5,183.2,100.7,100.3,128.8,184.4
N150,150,30,4500,16,1273528.3,100.1,99.8,128.9,185.3,100.7,100.5,129.9,186.3
N150,150,30,4500,17,1274058.6,100.0,99.8,129.0,188.6,100.7,100.4,130.5,189.0
N150,150,30,4500,18,1271697.2,100.2,99.9,129.0,187.5,100.9,100.6,131.0,188.5
N150,150,30,4500,19,1273155.9,100.1,99.8,129.0,186.5,100.8,100.5,130.7,187.6
N150,150,30,4500,20,1273824.6,100.1,99.8,128.8,185.2,100.7,100.4,129.4,186.1
N200,200,30,6000,1,1266018.9,100.7,100.3,133.4,201.2,101.3,100.9,134.9,202.9
N200,200,30,6000,2,1268271.0,100.6,100.2,131.8,197.3,101.0,100.6,133.2,199.0
N200,200,30,6000,3,1266618.0,100.7,100.2,133.4,196.8,101.3,100.8,134.9,199.9
N200,200,30,6000,4,1266154.2,100.7,100.2,133.9,199.5,101.3,100.8,135.3,201.7
N200,200,30,6000,5,1264643.6,100.8,100.4,133.9,200.9,101.4,101.0,135.2,201.5
N200,200,30,6000,6,1266217.1,100.7,100.3,133.7,198.7,101.3,100.8,135.0,200.2
N200,200,30,6000,7,1267536.0,100.6,100.2,132.5,195.9,101.2,100.8,134.1,198.5
N200,200,30,6000,8,1265820.3,100.7,100.3,133.8,196.6,101.3,100.9,135.2,200.2
N200,200,30,6000,9,1265925.0,100.7,100.3,133.8,199.9,101.3,100.9,135.2,200.8
N200,200,30,6000,10,1264489.9,100.9,100.5,132.0,196.8,101.4,101.0,133.6,199.4
N200,200,30,6000,11,1264720.0,100.8,100.4,133.7,204.2,101.4,101.0,135.1,204.5
N200,200,30,6000,12,1264680.5,100.8,100.4,133.8,197.6,101.4,101.0,135.2,199.6
N200,200,30,6000,13,1265846.8,100.7,100.3,134.0,202.3,101.3,100.9,135.3,203.6
N200,200,30,6000,14,1264443.7,101.0,100.4,129.0,197.2,101.2,100.7,129.4,197.7
N200,200,30,6000,15,1265895.8,100.7,100.3,133.9,199.5,101.3,100.9,135.3,201.7
N200,200,30,6000,16,1265466.7,100.7,100.3,133.9,200.9,101.4,100.9,135.4,203.2
N200,200,30,6000,17,1263699.2,101.0,100.5,130.6,194.9,101.4,100.9,132.3,196.9
N200,200,30,6000,18,1265154.0,100.8,100.3,133.8,199.3,101.4,100.9,135.2,200.6
N200,200,30,6000,19,1265391.0,100.8,100.4,132.6,200.4,101.3,100.9,134.1,201.5
N200,200,30,6000,20,1265834.1,100.8,100.4,132.0,200.4,101.2,100.8,133.3,202.3
