label,ppr,mc_threads,mean_qps,n_samples,min_cy,mean_cy,p50_cy,p90_cy,p95_cy,p99_cy,p999_cy,max_cy,p50_us,p99_us
N0,0,,895819,4194304,24,28.6,26.0,28.0,28.0,30.0,260.0,43076,0.0124,0.0143
N1,1,,950382,4194304,24,29.0,28.0,28.0,28.0,66.0,248.0,20470,0.0133,0.0314
N2,2,,1008890,4194304,24,28.8,28.0,28.0,28.0,30.0,254.0,485250,0.0133,0.0143
N3,3,,1087710,4194304,24,28.7,26.0,28.0,28.0,30.0,242.0,30864,0.0124,0.0143
N4,4,,1160380,4194304,24,28.9,28.0,28.0,28.0,30.0,260.0,34818,0.0133,0.0143
N5,5,,1189420,4194304,24,28.7,28.0,28.0,28.0,30.0,250.0,54778,0.0133,0.0143
N6,6,,1203670,4194304,24,28.7,26.0,28.0,28.0,30.0,258.0,33024,0.0124,0.0143
N7,7,,1248750,4194304,24,28.4,26.0,28.0,28.0,30.0,246.0,149596,0.0124,0.0143
N8,8,,1243436,4194304,24,28.2,28.0,28.0,28.0,30.0,248.0,49120,0.0133,0.0143
N9,9,,1280080,4194304,24,28.5,26.0,28.0,28.0,30.0,244.0,36538,0.0124,0.0143
N10,10,,1272680,4194304,24,28.6,28.0,28.0,28.0,30.0,252.0,52874,0.0133,0.0143
N11,11,,1293050,4194304,24,28.4,28.0,28.0,28.0,30.0,238.0,39138,0.0133,0.0143
N12,12,,1303390,4194304,24,28.5,26.0,28.0,28.0,30.0,248.0,102260,0.0124,0.0143
N13,13,,1274490,4194304,24,28.8,26.0,28.0,28.0,30.0,248.0,65278,0.0124,0.0143
N14,14,,1264970,4194304,24,28.5,26.0,28.0,28.0,30.0,258.0,9870,0.0124,0.0143
N15,15,,1268940,4194304,24,28.6,28.0,28.0,28.0,30.0,242.0,43358,0.0133,0.0143
N16,16,,1250830,4194304,24,28.2,26.0,28.0,28.0,30.0,236.0,43644,0.0124,0.0143
N17,17,,1270440,4194304,24,28.5,28.0,28.0,28.0,30.0,230.0,484472,0.0133,0.0143
N18,18,,1267670,4194304,24,28.3,26.0,28.0,28.0,30.0,230.0,52928,0.0124,0.0143
N20,20,,1237170,4194304,24,28.4,26.0,28.0,28.0,30.0,238.0,52338,0.0124,0.0143
N22,22,,1255680,4194304,24,28.4,26.0,28.0,28.0,30.0,230.0,156338,0.0124,0.0143
N24,24,,1245160,4194304,24,28.4,28.0,28.0,28.0,30.0,218.0,57626,0.0133,0.0143
N26,26,,1221430,4194304,24,28.7,28.0,28.0,28.0,30.0,234.0,63406,0.0133,0.0143
N28,28,,1266190,4194304,24,28.4,26.0,28.0,28.0,30.0,230.0,65596,0.0124,0.0143
N30,30,,1250670,4194304,24,28.4,26.0,28.0,28.0,30.0,224.0,65126,0.0124,0.0143
N33,33,,1243830,4194304,24,28.5,26.0,28.0,28.0,30.0,230.0,70740,0.0124,0.0143
N36,36,,1218700,4194304,24,28.6,28.0,28.0,28.0,30.0,222.0,76428,0.0133,0.0143
N40,40,,1195000,4194304,24,28.5,28.0,28.0,28.0,30.0,210.0,82870,0.0133,0.0143
N45,45,,1212750,4194304,24,28.3,28.0,28.0,28.0,30.0,196.0,92322,0.0133,0.0143
N50,50,,1188790,4194304,24,28.5,26.0,28.0,28.0,30.0,186.0,94748,0.0124,0.0143
N55,55,,1184350,4194304,24,28.7,26.0,28.0,28.0,30.0,208.0,104446,0.0124,0.0143
N60,60,,1189560,4194304,24,28.6,26.0,28.0,28.0,30.0,186.0,110028,0.0124,0.0143
N70,70,,1191230,4194304,24,28.6,26.0,28.0,28.0,30.0,186.0,125184,0.0124,0.0143
N80,80,,1185580,4194304,24,28.6,26.0,28.0,28.0,30.0,79.4,140642,0.0124,0.0143
N90,90,,1171900,4194304,24,28.8,28.0,28.0,28.0,30.0,178.0,154512,0.0133,0.0143
N100,100,,1161880,4194304,24,28.6,26.0,28.0,28.0,30.0,76.0,167628,0.0124,0.0143
N125,125,,1160490,4194304,24,29.0,28.0,28.0,28.0,30.0,74.0,207904,0.0133,0.0143
N150,150,,1129114,4194304,24,30.2,28.0,28.0,28.0,30.0,74.0,250608,0.0133,0.0143
N175,175,,1109280,4194304,24,29.3,28.0,28.0,28.0,30.0,74.0,278850,0.0133,0.0143
N200,200,,1083450,4194304,24,30.4,26.0,28.0,28.0,30.0,74.0,328744,0.0124,0.0143
