mc_threads,mc_cpus,mut_threads,mut_conns,total_conns,depth,in_flight,run,QPS,r_avg_us,r_p99_us,w_avg_us,w_p99_us
4,0-3,4,1,4,1,4,1,116255.6,33.5,40.6,35.1,42.6
4,0-3,4,1,4,1,4,2,116627.2,33.4,40.5,35.0,42.6
4,0-3,4,1,4,1,4,3,115597.1,33.7,40.6,35.3,42.9
4,0-3,4,1,4,1,4,4,116286.7,33.5,40.5,35.0,42.6
4,0-3,4,1,4,1,4,5,114838.4,34.0,40.7,35.4,43.0
4,0-3,4,1,4,2,8,1,211480.1,37.4,46.8,38.0,49.7
4,0-3,4,1,4,2,8,2,210616.9,37.5,47.0,38.2,49.8
4,0-3,4,1,4,2,8,3,213508.4,37.0,46.5,37.7,49.6
4,0-3,4,1,4,2,8,4,212907.3,37.3,46.7,37.7,49.7
4,0-3,4,1,4,2,8,5,212351.5,37.4,46.8,37.8,49.7
4,0-3,4,1,4,4,16,1,362809.3,43.7,59.5,44.3,62.4
4,0-3,4,1,4,4,16,2,360005.6,44.0,59.6,44.6,62.7
4,0-3,4,1,4,4,16,3,362860.2,43.7,59.5,44.3,62.4
4,0-3,4,1,4,4,16,4,360384.2,43.9,59.7,44.6,62.9
4,0-3,4,1,4,4,16,5,363190.7,43.6,59.4,44.3,62.3
4,0-3,4,1,4,6,24,1,470036.4,50.5,73.5,51.4,77.4
4,0-3,4,1,4,6,24,2,470461.1,50.4,73.4,51.4,77.3
4,0-3,4,1,4,6,24,3,469547.2,50.5,73.5,51.5,77.4
4,0-3,4,1,4,6,24,4,468168.9,50.7,73.6,51.6,77.4
4,0-3,4,1,4,6,24,5,469055.9,50.6,73.3,51.5,77.3
4,0-3,4,1,4,8,32,1,538040.6,58.8,87.0,59.9,90.6
4,0-3,4,1,4,8,32,2,543398.7,58.2,86.8,59.4,90.3
4,0-3,4,1,4,8,32,3,543204.9,58.2,86.7,59.4,90.2
4,0-3,4,1,4,8,32,4,543952.9,58.1,86.7,59.3,90.2
4,0-3,4,1,4,8,32,5,541393.5,58.4,86.9,59.6,90.6
4,0-3,4,1,4,12,48,1,633007.6,75.0,114.6,76.5,116.8
4,0-3,4,1,4,12,48,2,631677.0,75.1,114.9,76.6,117.1
4,0-3,4,1,4,12,48,3,626524.6,75.8,115.1,77.2,117.1
4,0-3,4,1,4,12,48,4,628550.5,75.6,115.0,77.0,117.1
4,0-3,4,1,4,12,48,5,633072.4,75.0,114.8,76.5,117.0
4,0-3,4,1,4,16,64,1,679297.0,93.2,141.3,95.0,146.2
4,0-3,4,1,4,16,64,2,680091.7,93.1,141.2,94.9,145.9
4,0-3,4,1,4,16,64,3,678941.0,93.2,141.4,95.1,146.5
4,0-3,4,1,4,16,64,4,680075.5,93.1,141.1,94.9,145.8
4,0-3,4,1,4,16,64,5,679833.0,93.1,141.3,95.0,146.1
4,0-3,4,1,4,24,96,1,691439.2,137.3,207.5,140.1,213.2
4,0-3,4,1,4,24,96,2,691512.6,137.3,207.2,140.1,212.1
4,0-3,4,1,4,24,96,3,692979.6,137.0,207.3,139.8,212.3
4,0-3,4,1,4,24,96,4,691719.5,137.3,207.7,140.1,213.4
4,0-3,4,1,4,24,96,5,691591.3,137.3,206.8,140.1,210.9
4,0-3,4,1,4,32,128,1,695815.8,182.2,272.0,185.5,274.9
4,0-3,4,1,4,32,128,2,694231.6,182.6,271.7,185.9,274.6
4,0-3,4,1,4,32,128,3,694419.8,182.6,271.7,185.8,274.6
4,0-3,4,1,4,32,128,4,693752.5,182.7,271.2,186.1,274.2
4,0-3,4,1,4,32,128,5,689528.0,183.9,273.5,187.2,276.1
4,0-3,4,1,4,48,192,1,685846.8,278.2,404.8,281.4,411.2
4,0-3,4,1,4,48,192,2,685073.4,278.5,408.7,281.8,416.0
4,0-3,4,1,4,48,192,3,684685.1,278.7,405.1,282.0,412.6
4,0-3,4,1,4,48,192,4,685876.8,278.2,406.0,281.5,413.5
4,0-3,4,1,4,48,192,5,684896.5,278.6,404.8,281.9,411.3
4,0-3,4,1,4,64,256,1,685048.9,371.9,515.7,375.3,520.2
4,0-3,4,1,4,64,256,2,685971.9,371.4,513.6,374.8,518.4
4,0-3,4,1,4,64,256,3,683759.1,372.6,517.5,376.0,522.0
4,0-3,4,1,4,64,256,4,683164.9,372.9,519.5,376.3,523.8
4,0-3,4,1,4,64,256,5,679597.5,374.9,517.2,378.3,521.7
4,0-3,4,1,4,96,384,1,665976.7,574.6,749.4,578.4,755.8
4,0-3,4,1,4,96,384,2,664384.2,576.0,750.7,579.8,757.4
4,0-3,4,1,4,96,384,3,663925.0,576.4,753.5,580.1,759.5
4,0-3,4,1,4,96,384,4,657786.3,581.8,761.2,585.6,766.1
4,0-3,4,1,4,96,384,5,648362.0,590.2,770.6,594.1,774.3
4,0-3,4,1,4,128,512,1,647073.9,789.3,1024.2,793.0,1028.0
4,0-3,4,1,4,128,512,2,644395.3,792.6,1020.5,796.3,1024.6
4,0-3,4,1,4,128,512,3,642898.4,794.5,1026.0,798.1,1029.5
4,0-3,4,1,4,128,512,4,643567.6,793.6,1025.7,797.3,1029.2
4,0-3,4,1,4,128,512,5,647999.9,788.2,1023.5,791.8,1027.3
4,0-3,8,1,8,1,8,1,114384.2,68.3,48.7,71.0,53.2
4,0-3,8,1,8,1,8,2,115245.0,67.6,48.2,70.7,52.9
4,0-3,8,1,8,1,8,3,114563.6,68.2,48.4,71.0,52.7
4,0-3,8,1,8,1,8,4,113466.7,69.3,49.0,71.2,52.9
4,0-3,8,1,8,1,8,5,114265.8,68.5,48.9,71.1,53.2
4,0-3,8,1,8,2,16,1,207413.8,76.3,65.9,77.5,105.8
4,0-3,8,1,8,2,16,2,209227.3,75.8,65.8,76.7,81.5
4,0-3,8,1,8,2,16,3,206967.3,76.5,66.3,77.6,99.1
4,0-3,8,1,8,2,16,4,210280.7,75.5,63.8,76.2,68.9
4,0-3,8,1,8,2,16,5,208361.1,75.9,63.6,77.2,80.6
4,0-3,8,1,8,4,32,1,357288.1,88.8,3112.8,89.9,3124.5
4,0-3,8,1,8,4,32,2,355390.7,89.6,3122.6,90.0,3122.1
4,0-3,8,1,8,4,32,3,357667.6,88.7,3107.6,89.8,3119.2
4,0-3,8,1,8,4,32,4,359384.9,88.4,3108.7,89.2,3116.5
4,0-3,8,1,8,4,32,5,358346.5,88.3,3106.1,89.8,3124.9
4,0-3,8,1,8,6,48,1,456526.7,104.4,3244.0,105.5,3251.8
4,0-3,8,1,8,6,48,2,463109.3,102.5,3230.6,104.4,3244.9
4,0-3,8,1,8,6,48,3,462159.3,102.8,3230.4,104.5,3245.6
4,0-3,8,1,8,6,48,4,461241.2,103.0,3232.5,104.8,3248.1
4,0-3,8,1,8,6,48,5,463340.6,102.8,3231.4,104.0,3241.7
4,0-3,8,1,8,8,64,1,533146.9,119.1,4018.0,120.6,4022.1
4,0-3,8,1,8,8,64,2,532189.5,119.1,4018.1,121.0,4023.6
4,0-3,8,1,8,8,64,3,526751.9,120.3,4021.2,122.3,4029.5
4,0-3,8,1,8,8,64,4,532031.8,119.3,4019.7,120.9,4026.1
4,0-3,8,1,8,8,64,5,538300.6,117.8,4014.3,119.5,4021.2
4,0-3,8,1,8,12,96,1,622073.7,152.9,4113.0,155.3,4118.5
4,0-3,8,1,8,12,96,2,621566.6,153.3,4114.9,155.2,4117.9
4,0-3,8,1,8,12,96,3,617044.2,154.1,4116.6,156.7,4122.5
4,0-3,8,1,8,12,96,4,624209.7,152.5,4112.5,154.7,4118.2
4,0-3,8,1,8,12,96,5,623893.4,152.4,4112.3,155.0,4118.2
4,0-3,8,1,8,16,128,1,667159.2,190.3,4179.0,193.0,4183.2
4,0-3,8,1,8,16,128,2,667689.0,190.2,4178.1,192.8,4182.0
4,0-3,8,1,8,16,128,3,647673.7,195.2,4184.7,199.7,4191.5
4,0-3,8,1,8,16,128,4,669020.1,189.7,4178.0,192.5,4182.6
4,0-3,8,1,8,16,128,5,662689.4,191.3,4180.7,194.5,4185.1
4,0-3,8,1,8,24,192,1,656467.8,289.7,4271.5,294.9,4275.2
4,0-3,8,1,8,24,192,2,658582.6,289.5,4268.7,293.2,4271.0
4,0-3,8,1,8,24,192,3,658999.4,289.7,4272.1,292.6,4273.8
4,0-3,8,1,8,24,192,4,657981.6,290.1,4270.7,293.1,4272.3
4,0-3,8,1,8,24,192,5,658099.2,289.5,4270.3,293.6,4273.2
4,0-3,8,1,8,32,256,1,659307.4,385.2,4315.1,390.9,4317.1
4,0-3,8,1,8,32,256,2,667900.4,380.8,4312.4,385.3,4314.7
4,0-3,8,1,8,32,256,3,664024.1,383.0,4314.3,387.6,4315.8
4,0-3,8,1,8,32,256,4,667534.4,381.2,4311.6,385.4,4313.4
4,0-3,8,1,8,32,256,5,668322.8,380.8,4314.0,384.9,4315.7
4,0-3,8,1,8,48,384,1,667211.6,573.2,4381.6,577.5,4382.6
4,0-3,8,1,8,48,384,2,667612.3,572.6,4379.1,577.4,4381.0
4,0-3,8,1,8,48,384,3,672300.3,568.9,4380.1,573.1,4381.0
4,0-3,8,1,8,48,384,4,667037.7,573.4,4382.0,577.6,4383.5
4,0-3,8,1,8,48,384,5,671696.3,569.9,4380.0,573.0,4380.7
4,0-3,8,1,8,64,512,1,674775.3,756.8,4755.4,760.4,4756.9
4,0-3,8,1,8,64,512,2,674073.7,757.5,4775.7,761.2,4779.0
4,0-3,8,1,8,64,512,3,673054.2,758.3,4771.0,762.8,4774.8
4,0-3,8,1,8,64,512,4,675292.5,756.0,4773.9,759.9,4777.0
4,0-3,8,1,8,64,512,5,690430.1,739.4,4755.5,743.3,4756.7
4,0-3,8,1,8,96,768,1,687519.8,1114.7,6593.8,1119.0,6619.6
4,0-3,8,1,8,96,768,2,692530.2,1106.7,6536.8,1110.8,6561.9
4,0-3,8,1,8,96,768,3,692111.0,1107.3,6546.8,1111.5,6563.1
4,0-3,8,1,8,96,768,4,687002.5,1115.3,6722.3,1120.0,6760.2
4,0-3,8,1,8,96,768,5,693014.0,1106.1,6515.5,1109.8,6515.2
4,0-3,8,1,8,128,1024,1,688800.4,1484.7,7231.6,1488.2,7235.5
4,0-3,8,1,8,128,1024,2,689683.4,1483.0,7244.7,1486.1,7245.5
4,0-3,8,1,8,128,1024,3,683477.1,1496.0,7249.0,1500.0,7247.4
4,0-3,8,1,8,128,1024,4,689246.6,1483.6,7246.5,1487.4,7248.4
4,0-3,8,1,8,128,1024,5,681683.2,1500.0,7244.5,1503.8,7249.2
8,0-3,4,1,4,1,4,1,114396.6,34.0,40.9,35.8,44.5
8,0-3,4,1,4,1,4,2,113149.1,34.4,41.0,36.1,45.2
8,0-3,4,1,4,1,4,3,114416.5,34.0,40.9,35.7,44.4
8,0-3,4,1,4,1,4,4,115042.7,33.8,40.9,35.5,44.4
8,0-3,4,1,4,1,4,5,114175.1,34.1,40.9,35.8,44.5
8,0-3,4,1,4,2,8,1,209362.7,37.8,48.8,38.4,52.3
8,0-3,4,1,4,2,8,2,208951.6,37.9,49.1,38.5,52.6
8,0-3,4,1,4,2,8,3,209276.0,37.7,48.7,38.5,52.2
8,0-3,4,1,4,2,8,4,208814.0,37.8,48.9,38.6,52.5
8,0-3,4,1,4,2,8,5,210836.7,37.6,48.5,38.1,51.9
8,0-3,4,1,4,4,16,1,358676.0,44.1,61.3,44.9,64.8
8,0-3,4,1,4,4,16,2,359083.6,44.1,61.3,44.8,64.8
8,0-3,4,1,4,4,16,3,360472.2,43.9,60.6,44.7,64.5
8,0-3,4,1,4,4,16,4,358200.6,44.2,61.2,45.0,64.8
8,0-3,4,1,4,4,16,5,358733.2,44.1,61.2,44.9,64.8
8,0-3,4,1,4,6,24,1,459474.4,51.6,77.3,52.7,79.8
8,0-3,4,1,4,6,24,2,459228.8,51.7,76.5,52.6,79.1
8,0-3,4,1,4,6,24,3,461092.1,51.4,76.2,52.4,79.0
8,0-3,4,1,4,6,24,4,464076.3,51.1,76.0,52.1,78.9
8,0-3,4,1,4,6,24,5,466284.4,50.8,75.8,51.9,78.9
8,0-3,4,1,4,8,32,1,534303.8,59.1,89.3,60.4,93.9
8,0-3,4,1,4,8,32,2,530797.6,59.5,90.2,60.8,94.5
8,0-3,4,1,4,8,32,3,533255.2,59.2,89.7,60.6,94.2
8,0-3,4,1,4,8,32,4,535277.8,59.0,89.3,60.4,94.0
8,0-3,4,1,4,8,32,5,535116.2,59.0,89.3,60.3,94.0
8,0-3,4,1,4,12,48,1,615880.6,77.0,117.5,78.6,123.0
8,0-3,4,1,4,12,48,2,616663.6,76.9,118.1,78.6,123.5
8,0-3,4,1,4,12,48,3,614972.6,77.1,118.0,78.8,123.4
8,0-3,4,1,4,12,48,4,614454.2,77.2,118.4,78.9,123.6
8,0-3,4,1,4,12,48,5,610439.4,77.7,118.8,79.3,123.8
8,0-3,4,1,4,16,64,1,656745.6,96.3,149.1,98.4,152.8
8,0-3,4,1,4,16,64,2,654718.5,96.6,149.7,98.7,153.1
8,0-3,4,1,4,16,64,3,657009.3,96.2,149.1,98.4,152.8
8,0-3,4,1,4,16,64,4,655259.5,96.5,149.9,98.6,153.3
8,0-3,4,1,4,16,64,5,655193.3,96.5,149.8,98.7,153.2
8,0-3,4,1,4,24,96,1,659310.0,143.9,221.2,147.1,224.9
8,0-3,4,1,4,24,96,2,659333.1,143.9,224.1,147.0,227.1
8,0-3,4,1,4,24,96,3,660346.0,143.7,221.7,146.9,225.4
8,0-3,4,1,4,24,96,4,658199.0,144.2,221.1,147.3,224.9
8,0-3,4,1,4,24,96,5,656339.8,144.6,221.6,147.8,225.3
8,0-3,4,1,4,32,128,1,647259.2,195.7,293.4,199.6,297.8
8,0-3,4,1,4,32,128,2,644143.1,196.7,295.9,200.5,299.6
8,0-3,4,1,4,32,128,3,644869.5,196.5,295.2,200.3,299.2
8,0-3,4,1,4,32,128,4,666544.9,190.1,287.8,193.7,293.5
8,0-3,4,1,4,32,128,5,677717.8,187.0,276.3,190.5,282.9
8,0-3,4,1,4,48,192,1,679945.4,280.6,408.7,283.9,415.8
8,0-3,4,1,4,48,192,2,680265.1,280.4,409.2,283.8,416.2
8,0-3,4,1,4,48,192,3,681535.4,280.0,405.2,283.3,412.6
8,0-3,4,1,4,48,192,4,678478.6,281.2,410.1,284.6,417.0
8,0-3,4,1,4,48,192,5,673829.9,283.2,415.5,286.5,421.5
8,0-3,4,1,4,64,256,1,675340.2,377.2,521.3,380.7,525.2
8,0-3,4,1,4,64,256,2,673827.3,378.1,523.5,381.6,527.1
8,0-3,4,1,4,64,256,3,674411.2,377.7,521.8,381.2,525.6
8,0-3,4,1,4,64,256,4,672018.6,379.1,522.7,382.6,526.3
8,0-3,4,1,4,64,256,5,672640.9,378.7,524.5,382.2,527.8
8,0-3,4,1,4,96,384,1,674317.6,567.5,727.7,571.2,737.7
8,0-3,4,1,4,96,384,2,672127.3,569.3,720.3,573.1,731.5
8,0-3,4,1,4,96,384,3,671876.7,569.5,723.9,573.3,734.8
8,0-3,4,1,4,96,384,4,670802.1,570.5,734.0,574.2,743.4
8,0-3,4,1,4,96,384,5,672786.1,568.8,734.9,572.5,743.9
8,0-3,4,1,4,128,512,1,665693.9,767.3,972.3,770.8,982.0
8,0-3,4,1,4,128,512,2,664455.2,768.7,966.2,772.2,976.3
8,0-3,4,1,4,128,512,3,665978.4,766.9,955.3,770.4,963.8
8,0-3,4,1,4,128,512,4,664505.3,768.6,968.6,772.2,979.1
8,0-3,4,1,4,128,512,5,665972.3,766.9,963.1,770.4,974.2
8,0-3,8,1,8,1,8,1,115959.5,67.0,50.2,70.5,55.3
8,0-3,8,1,8,1,8,2,113962.6,68.6,52.8,71.3,56.8
8,0-3,8,1,8,1,8,3,115602.0,67.2,50.5,70.7,56.3
8,0-3,8,1,8,1,8,4,115611.3,67.2,50.9,70.8,55.8
8,0-3,8,1,8,1,8,5,115790.3,67.0,50.1,70.7,55.5
8,0-3,8,1,8,2,16,1,208685.8,75.7,66.1,77.2,93.7
8,0-3,8,1,8,2,16,2,211805.7,74.7,65.2,75.9,72.1
8,0-3,8,1,8,2,16,3,211611.9,74.9,64.7,75.9,70.1
8,0-3,8,1,8,2,16,4,210675.8,75.2,66.2,76.3,76.8
8,0-3,8,1,8,2,16,5,209332.0,75.1,65.6,77.3,117.0
8,0-3,8,1,8,4,32,1,360413.5,87.7,3100.2,89.4,3120.7
8,0-3,8,1,8,4,32,2,358009.5,88.3,3110.5,90.0,3125.3
8,0-3,8,1,8,4,32,3,359719.2,87.9,3099.1,89.6,3119.4
8,0-3,8,1,8,4,32,4,358019.5,88.6,3108.8,89.8,3118.1
8,0-3,8,1,8,4,32,5,361123.4,87.6,3098.5,89.2,3117.0
8,0-3,8,1,8,6,48,1,462418.3,102.4,3227.3,104.7,3246.0
8,0-3,8,1,8,6,48,2,461702.0,102.7,3234.6,104.8,3249.8
8,0-3,8,1,8,6,48,3,464466.8,102.2,3232.7,104.1,3244.2
8,0-3,8,1,8,6,48,4,465054.5,101.8,3226.2,104.2,3244.3
8,0-3,8,1,8,6,48,5,462509.5,102.5,3229.7,104.7,3247.2
8,0-3,8,1,8,8,64,1,527949.1,119.9,4021.9,122.1,4030.6
8,0-3,8,1,8,8,64,2,526674.5,119.8,4021.4,122.8,4033.8
8,0-3,8,1,8,8,64,3,529995.0,119.2,4018.5,121.9,4029.6
8,0-3,8,1,8,8,64,4,532936.4,118.5,4017.5,121.2,4027.7
8,0-3,8,1,8,8,64,5,534067.4,118.4,4016.7,120.8,4023.8
8,0-3,8,1,8,12,96,1,611553.2,155.1,4118.6,158.5,4125.6
8,0-3,8,1,8,12,96,2,612178.0,154.7,4118.3,158.5,4126.7
8,0-3,8,1,8,12,96,3,613201.4,154.5,4117.5,158.2,4125.7
8,0-3,8,1,8,12,96,4,608756.8,155.8,4118.4,159.2,4125.6
8,0-3,8,1,8,12,96,5,610433.4,155.4,4118.7,158.7,4125.2
8,0-3,8,1,8,16,128,1,651478.4,193.9,4182.7,198.6,4189.8
8,0-3,8,1,8,16,128,2,648920.9,194.8,4185.9,199.2,4192.2
8,0-3,8,1,8,16,128,3,651507.6,194.1,4185.6,198.4,4191.1
8,0-3,8,1,8,16,128,4,653665.7,193.4,4182.4,197.8,4188.8
8,0-3,8,1,8,16,128,5,649714.0,194.5,4184.2,199.0,4190.9
8,0-3,8,1,8,24,192,1,664139.7,285.8,4268.8,292.0,4273.5
8,0-3,8,1,8,24,192,2,663487.0,286.3,4269.2,292.1,4272.5
8,0-3,8,1,8,24,192,3,663381.7,286.0,4269.4,292.4,4273.8
8,0-3,8,1,8,24,192,4,664043.1,285.8,4270.9,292.0,4274.8
8,0-3,8,1,8,24,192,5,663910.3,286.0,4270.5,292.0,4274.7
8,0-3,8,1,8,32,256,1,664029.5,381.7,4315.8,388.9,4318.6
8,0-3,8,1,8,32,256,2,663020.8,382.3,4319.1,389.6,4321.6
8,0-3,8,1,8,32,256,3,658663.0,384.6,4316.7,392.3,4320.1
8,0-3,8,1,8,32,256,4,658965.7,384.8,4317.5,391.8,4320.0
8,0-3,8,1,8,32,256,5,658401.9,384.9,4318.5,392.4,4321.7
8,0-3,8,1,8,48,384,1,659695.8,578.3,4371.3,585.4,4372.5
8,0-3,8,1,8,48,384,2,659067.2,578.7,4373.8,586.1,4375.8
8,0-3,8,1,8,48,384,3,659030.3,578.9,4372.2,586.0,4374.0
8,0-3,8,1,8,48,384,4,647976.9,588.6,4374.3,596.3,4376.1
8,0-3,8,1,8,48,384,5,645498.6,591.5,4371.7,597.9,4372.9
8,0-3,8,1,8,64,512,1,639519.6,796.6,4840.9,804.2,4945.4
8,0-3,8,1,8,64,512,2,640316.3,795.5,4815.8,803.3,4821.1
8,0-3,8,1,8,64,512,3,639888.6,796.1,4813.0,803.7,4818.2
8,0-3,8,1,8,64,512,4,639805.5,796.3,4805.0,803.8,4811.3
8,0-3,8,1,8,64,512,5,639386.7,797.0,4811.9,804.1,4819.2
8,0-3,8,1,8,96,768,1,623434.2,1227.6,6990.8,1235.7,6999.5
8,0-3,8,1,8,96,768,2,622853.4,1228.9,6945.5,1236.7,6963.1
8,0-3,8,1,8,96,768,3,623178.9,1228.4,7076.3,1235.9,7075.4
8,0-3,8,1,8,96,768,4,623292.8,1227.6,6811.4,1236.3,6843.3
8,0-3,8,1,8,96,768,5,623771.5,1227.1,6898.7,1234.9,6893.0
8,0-3,8,1,8,128,1024,1,611982.2,1669.1,7308.0,1677.0,7311.3
8,0-3,8,1,8,128,1024,2,611845.1,1669.8,7351.1,1677.0,7355.8
8,0-3,8,1,8,128,1024,3,611750.2,1669.7,7315.3,1677.7,7320.2
8,0-3,8,1,8,128,1024,4,610349.5,1673.5,7277.3,1681.4,7286.0
8,0-3,8,1,8,128,1024,5,609517.7,1676.0,7303.7,1683.6,7304.4
