label,run,QPS,r_avg_us,r_p99_us,w_avg_us,w_p99_us
master_baseline,1,427583.6,0.0,0.0,299.3,430.0
master_baseline,2,424099.4,0.0,0.0,301.7,434.2
master_baseline,3,414801.8,0.0,0.0,308.5,439.8
master_baseline,4,414511.3,0.0,0.0,308.7,441.0
master_baseline,5,415450.8,0.0,0.0,308.0,439.3
master_baseline,6,413134.4,0.0,0.0,309.7,442.2
master_baseline,7,414578.1,0.0,0.0,308.7,440.1
master_baseline,8,416429.0,0.0,0.0,307.3,439.9
master_baseline,9,423423.6,0.0,0.0,302.2,434.5
master_baseline,10,424572.7,0.0,0.0,301.4,434.0
pause_0,1,421791.1,0.0,0.0,303.4,436.4
pause_0,2,419290.4,0.0,0.0,305.2,436.1
pause_0,3,419951.4,0.0,0.0,304.7,435.0
pause_0,4,419994.5,0.0,0.0,304.7,437.1
pause_0,5,419252.2,0.0,0.0,305.2,436.0
pause_0,6,415702.2,0.0,0.0,307.8,438.4
pause_0,7,413391.6,0.0,0.0,309.5,442.0
pause_0,8,412355.7,0.0,0.0,310.3,440.6
pause_0,9,413473.9,0.0,0.0,309.5,440.5
pause_0,10,412056.1,0.0,0.0,310.5,441.7
pause_10,1,543095.4,0.0,0.0,235.6,349.5
pause_10,2,543287.9,0.0,0.0,235.5,347.6
pause_10,3,542623.6,0.0,0.0,235.8,350.0
pause_10,4,542645.8,0.0,0.0,235.8,350.2
pause_10,5,542378.8,0.0,0.0,235.9,349.3
pause_10,6,545566.2,0.0,0.0,234.5,345.3
pause_10,7,543634.6,0.0,0.0,235.4,347.7
pause_10,8,540878.0,0.0,0.0,236.6,350.8
pause_10,9,561884.4,0.0,0.0,227.7,332.8
pause_10,10,565996.0,0.0,0.0,226.1,330.4
pause_20,1,548559.6,0.0,0.0,233.2,334.9
pause_20,2,547055.3,0.0,0.0,233.9,336.5
pause_20,3,546669.0,0.0,0.0,234.0,337.4
pause_20,4,546825.3,0.0,0.0,234.0,336.7
pause_20,5,548606.3,0.0,0.0,233.2,334.8
pause_20,6,546373.6,0.0,0.0,234.2,339.8
pause_20,7,546604.9,0.0,0.0,234.1,339.6
pause_20,8,546252.4,0.0,0.0,234.2,339.7
pause_20,9,546246.1,0.0,0.0,234.2,339.2
pause_20,10,547951.1,0.0,0.0,233.5,336.2
pause_30,1,518521.1,0.0,0.0,246.8,348.0
pause_30,2,517532.5,0.0,0.0,247.2,349.2
pause_30,3,516062.4,0.0,0.0,247.9,350.6
pause_30,4,516725.2,0.0,0.0,247.6,350.0
pause_30,5,515278.3,0.0,0.0,248.3,351.9
pause_30,6,515000.6,0.0,0.0,248.4,351.7
pause_30,7,515912.3,0.0,0.0,248.0,351.6
pause_30,8,515888.8,0.0,0.0,248.0,351.5
pause_30,9,533376.3,0.0,0.0,239.9,332.4
pause_30,10,536581.6,0.0,0.0,238.5,330.5
pause_40,1,521821.7,0.0,0.0,245.2,323.5
pause_40,2,521112.5,0.0,0.0,245.5,323.9
pause_40,3,520795.5,0.0,0.0,245.7,324.4
pause_40,4,521786.5,0.0,0.0,245.2,323.6
pause_40,5,519915.9,0.0,0.0,246.1,325.2
pause_40,6,522131.9,0.0,0.0,245.1,322.7
pause_40,7,522159.0,0.0,0.0,245.0,323.3
pause_40,8,520869.2,0.0,0.0,245.6,323.6
pause_40,9,521031.1,0.0,0.0,245.6,323.5
pause_40,10,519949.2,0.0,0.0,246.1,324.2
pause_50,1,514188.6,0.0,0.0,248.8,307.0
pause_50,2,511521.3,0.0,0.0,250.1,313.5
pause_50,3,514998.5,0.0,0.0,248.4,307.3
pause_50,4,513776.1,0.0,0.0,249.0,310.0
pause_50,5,514413.6,0.0,0.0,248.7,307.2
pause_50,6,511375.0,0.0,0.0,250.2,313.6
pause_50,7,510771.6,0.0,0.0,250.5,314.8
pause_50,8,511750.4,0.0,0.0,250.0,313.2
pause_50,9,532578.4,0.0,0.0,240.2,300.2
pause_50,10,533226.8,0.0,0.0,240.0,299.5
pause_60,1,528818.5,0.0,0.0,242.0,298.6
pause_60,2,530871.5,0.0,0.0,241.0,297.6
pause_60,3,529703.4,0.0,0.0,241.5,298.0
pause_60,4,532420.0,0.0,0.0,240.3,295.9
pause_60,5,530590.3,0.0,0.0,241.1,297.4
pause_60,6,529837.2,0.0,0.0,241.5,297.4
pause_60,7,529228.7,0.0,0.0,241.8,298.0
pause_60,8,528866.8,0.0,0.0,241.9,298.2
pause_60,9,530947.3,0.0,0.0,241.0,297.7
pause_60,10,528780.7,0.0,0.0,242.0,298.8
pause_70,1,527690.7,0.0,0.0,242.5,296.9
pause_70,2,527586.6,0.0,0.0,242.5,296.8
pause_70,3,529871.2,0.0,0.0,241.5,294.9
pause_70,4,529590.2,0.0,0.0,241.6,295.5
pause_70,5,529658.0,0.0,0.0,241.6,294.9
pause_70,6,529190.4,0.0,0.0,241.8,295.5
pause_70,7,528786.4,0.0,0.0,242.0,296.1
pause_70,8,531063.7,0.0,0.0,240.9,295.5
pause_70,9,533290.9,0.0,0.0,239.9,293.2
pause_70,10,531697.0,0.0,0.0,240.6,294.8
pause_80,1,533181.6,0.0,0.0,240.0,292.6
pause_80,2,533878.7,0.0,0.0,239.7,290.6
pause_80,3,531579.8,0.0,0.0,240.7,292.5
pause_80,4,531906.5,0.0,0.0,240.5,292.4
pause_80,5,531158.5,0.0,0.0,240.9,292.7
pause_80,6,531161.3,0.0,0.0,240.9,293.2
pause_80,7,532941.3,0.0,0.0,240.1,292.2
pause_80,8,531982.4,0.0,0.0,240.5,293.3
pause_80,9,531337.1,0.0,0.0,240.8,293.5
pause_80,10,531358.5,0.0,0.0,240.8,293.2
pause_90,1,530443.8,0.0,0.0,241.2,294.0
pause_90,2,530920.1,0.0,0.0,241.0,292.6
pause_90,3,531411.6,0.0,0.0,240.8,293.3
pause_90,4,530709.4,0.0,0.0,241.1,293.4
pause_90,5,530479.2,0.0,0.0,241.2,294.3
pause_90,6,531697.2,0.0,0.0,240.6,293.4
pause_90,7,530066.9,0.0,0.0,241.4,294.9
pause_90,8,530413.0,0.0,0.0,241.2,293.9
pause_90,9,531015.2,0.0,0.0,241.0,293.3
pause_90,10,529032.7,0.0,0.0,241.9,294.9
pause_100,1,529025.5,0.0,0.0,241.9,294.7
pause_100,2,529804.4,0.0,0.0,241.5,294.5
pause_100,3,528298.2,0.0,0.0,242.2,294.4
pause_100,4,528090.0,0.0,0.0,242.3,294.8
pause_100,5,529412.7,0.0,0.0,241.7,294.2
pause_100,6,529458.5,0.0,0.0,241.7,293.6
pause_100,7,528231.0,0.0,0.0,242.2,294.7
pause_100,8,527670.1,0.0,0.0,242.5,295.5
pause_100,9,530276.6,0.0,0.0,241.3,293.3
pause_100,10,528783.1,0.0,0.0,242.0,295.2
pause_200,1,529478.1,0.0,0.0,241.7,294.7
pause_200,2,528767.6,0.0,0.0,242.0,294.7
pause_200,3,529730.5,0.0,0.0,241.5,293.7
pause_200,4,528772.9,0.0,0.0,242.0,294.8
pause_200,5,529405.0,0.0,0.0,241.7,293.7
pause_200,6,529173.1,0.0,0.0,241.8,295.0
pause_200,7,529611.7,0.0,0.0,241.6,294.2
pause_200,8,528502.6,0.0,0.0,242.1,295.3
pause_200,9,529068.5,0.0,0.0,241.8,294.8
pause_200,10,529217.0,0.0,0.0,241.8,294.6
pause_300,1,524728.6,0.0,0.0,243.8,297.5
pause_300,2,526048.8,0.0,0.0,243.2,297.0
pause_300,3,527398.7,0.0,0.0,242.6,295.9
pause_300,4,525553.6,0.0,0.0,243.5,297.3
pause_300,5,526633.8,0.0,0.0,243.0,296.4
pause_300,6,524725.1,0.0,0.0,243.8,297.4
pause_300,7,525106.7,0.0,0.0,243.7,296.8
pause_300,8,527195.5,0.0,0.0,242.7,295.3
pause_300,9,526167.7,0.0,0.0,243.2,296.3
pause_300,10,527365.5,0.0,0.0,242.6,295.2
